id,text,educational_value,reasoning,professionalism,cleanliness,cultural_nuances,justification
<urn:uuid:17310950-435f-4167-a7ac-b761055c4e0c>,"11-Oct-2019
ဓာတ်ပုံ - သန္တိသုခ
မိတ္ထီလာ၊ အောက်တိုဘာ ၁၁
မန္တလေးတိုင်းဒေသကြီး မိတ္ထီလာခရိုင် ဝမ်းတွင်းမြို့နယ် ဒိုင်ကောင်းကုန်းကျေးရွာထိပ်တွင် တွဲကားတိမ်းမှောက်ပြီး ဆိုင်ကယ်နှစ်စီးပေါ်သို့ ပိကာ လူလေးဦးသေဆုံး၍ ငါးဦးဒဏ်ရာရရှိသွားခဲ့ကြောင်း ဒေသခံများထံမှ သိရသည်။
ဓာတ်ပုံ - သန္တိသုခ
“သုံးယောက်က အရွယ်ကောင်းတွေ။ အသက် (၃၅)၊ (၄၀) လောက်တွေ။ အမျိုးသားနှစ်ယောက် အမျိုးသမီးတစ်ယောက် ကလေးတစ်ယောက်ပါ။ ဒဏ်ရာရတဲ့သူတွေမှာ နှစ်ယောက်ကို မိတ္ထီလာဆေးရုံကိုပို့တယ်။ တစ်ယောက်က မန္တလေးကိုပို့တယ်။ ကျန်တဲ့ နှစ်ယောက်က ဝမ်းတွင်းဆေးရုံမှာဟု ဝမ်းတွင်းမြို့ခံ သန္တိသုခ ပရဟိတလူမှုကူညီရေးအသင်းမှ အတွင်းရေးမှူး ဦးမှတ်ကြီးက ပြောသည်။
အဆိုပါ ကားတိမ်းမှောက်ရာတွင် ကားပေါ်ရှိ လူသုံးဦးမှာလည်း ပိတ်မိနေသဖြင့် ဒေသခံများက ကြိုးစားကယ်ထုတ်ခဲ့ရသည်။
- SOURCES
- The Voice
-
04-Jul-2020
-
04-Jul-2020
-
03-Jul-2020
-
03-Jul-2020
-
03-Jul-2020
-
03-Jul-2020
-
03-Jul-2020
-
02-Jul-2020
-
01-Jul-2020
-
01-Jul-2020
-
02-Jul-2020
-
01-Jul-2020",,,,,,
<urn:uuid:8d96e492-7471-4618-9ec3-f20a16a954ce>,"နည်းစနစ်ပိုင်းနဲ့ ပတ်သက်ပြီး ကစားသမားတွေ နားလည်နိုင်မှု မရှိသေးကြောင်း ဘာစီလိုနာ နည်းပြ ဆက်တီယန်က ပြောပါတယ်။
ဘာစီလိုနာအသင်းဟာ ဗလင်စီယာအသင်းနဲ့ ယှဉ်ပြိုင်ကစားခဲ့တဲ့ လာလီဂါ ပွဲစဉ်မှာ ၂ ဂိုး ဂိုးမရှိနဲ့ ရှုံးနိမ့်ခဲ့ပါတယ်။
နည်းပြသစ် ဆက်တီယန်အတွက် ပထမဆုံး ရှုံးပွဲဖြစ်ခဲ့ပြီး ခြေစွမ်းလည်း ကောင်းမွန်မူမရှိခဲ့ပါဘူး။
ပွဲအပြီးမှာတော့ ကစားသမားတွေအနေနဲ့ မိမိရဲ့ နည်းစနစ်ကစားကွက်ကို ကောင်းကောင်း နားလည်မှုမရှိသေးတာကြောင့် အမှားအယွင်းများခဲ့ပြီး ဗလင်စီယာအသင်းက အဲဒီအမှားတွေကို အသုံးချသွားခဲ့တာလို့ နည်းပြ ဆက်တီယန်က ပြောပါတယ်။
အသက် ၆၁ နှစ်ရှိ နည်းပြ ဆက်တီယန်ဟာ ထုတ်ပယ်လိုက်တဲ့ နည်းပြဗယ်ဗာဒီရဲ့နေရာမှာ အစားထိုး ကိုင်တွယ်ခဲ့တာဖြစ်ပါတယ်။
ဘာစီလိုနာနည်းပြသစ် ဆက်တီယန်ဟာ ဂရန်နာဒါနဲ့ ယူဒီအီဘက်ဇာတို့နဲ့ ကစားခဲ့တဲ့ ၂ ပွဲမှာတော့ အနိုင်ရလဒ်ရယူနိုင်ခဲ့ပေမယ့် ဗလင်စီယာနဲ့ တတိမြောက် ပွဲစဉ်မှာ ရှုံးပွဲကြုံတွေ့ခဲ့တာ ဖြစ်ပါတယ်။
1 year Ago",,,,,,
<urn:uuid:2fcba759-4394-4420-a46b-41c41bc629f0>,"၆၆(ဃ) ပြင်ဆင်ရန် ဝန်ကြီးဌာနတွင်း ညှိနှိုင်းနေဟု ဆို
၂၀၁၃ ခုနှစ် အောက်တိုဘာလတွင် ပြဋ္ဌာန်းခဲ့သော ဆက်သွယ်ရေး ဥပဒေ ပုဒ်မ ၆၆(ဃ) ကို ပြင်ဆင်နိုင်ရန် ပို့ဆောင်ရေး နှင့် ဆက်သွယ်ရေး ဝန်ကြီး ဌာန အတွင်း ညှိနှိုင်းနေကြောင်း ဆက်သွယ်မှုရေးရာ ဦးစီးဌာနမှ သိရသည်။
ဆက်သွယ်ရေး ဥပဒေပုဒ်မ ၆၆ (ဃ)သည် တရားစွဲခံရလျှင် အာမခံမရှိခြင်း၊ စွပ်စွဲခံရသူ၏ ပြန်လည် ဖြေရှင်းခွင့် မရှိခြင်း တို့ကြောင့် ပြင်ဆင်ရန် ဆောင်ရွက်နေခြင်းဖြစ်ပြီး ရာဇသတ်ကြီး ဥပဒေအဖြစ် ထည့်သွင်းသွားရန်လည်း စဉ်းစားထား ကြောင်း ဆက်သွယ်ရေး ညွှန်ကြားမှု ဦးစီးဌာန ညွှန်ကြားရေးမှူးချုပ် ဦးစိုးသိန်းက ဧပြီ ၁၀ ရက်နေ့က ပြုလုပ်သည့် အစိုးရသစ် ၁ နှစ် ပြည့် သတင်းစာ ရှင်းလင်းပွဲတွင် ပြောကြားသည်။
ဦးစိုးသိန်းက “လုံးဝ ဖျောက်ဖျက်ပစ်လို့လည်း မဖြစ်ပါဘူး။ ရှိနေလို့ရှိရင်လည်း အခုဖြစ်နေတဲ့ အနေအထားမျိုး စွပ်စွဲခံရတဲ့ ပုဂ္ဂိုလ်က ချက်ချင်း အချုပ်ကျ ခံရတယ်ဆိုတော့ သူ့အတွက် ဖြေရှင်းဖို့ အခက်အခဲတွေ ရှိပါတယ်။ ဒါတွေကို ကျော်လွှား နိုင်အောင် ဘယ်လို ဆောင်ရွက်မလဲဆိုတာ ကျနော်တို့ ဝန်ကြီးဌာနတွင်း ဆွေးနွေးနေပါတယ်”ဟု ပြောသည်။
ဆက်သွယ်ရေး ဥပဒေကို ယခင် အစိုးရလက်ထက်က ဆက်သွယ်ရေးကဏ္ဍတွင် ပုဂ္ဂလိကများ ပါဝင် လုပ်ကိုင် လာသည့် အတွက် ၎င်းတို့အား ထိန်းသိမ်းနိုင်ရန် ပြဋ္ဌာန်းခဲ့ခြင်း ဖြစ်ကြောင်း၊ လက်ရှိတွင် နိုင်ငံရေးအရရော၊ ပုဂ္ဂိုလ်ရေးအရပါ ယင်း ဥပဒေ ပုဒ်မကို အသုံးချခြင်းများ ရှိနေကြောင်း ပို့ဆောင်ရေးနှင့် ဆက်သွယ်ရေး ဝန်ကြီးဌာန အမြဲတမ်း အတွင်းဝန် ဦးဝင်းခန့်ကလည်း ပြောဆိုသည်။
ဦးဝင်းခန့်က “အခု ဖြစ်နေတဲ့ ပြဿနာတွေက Hate speech ကြောင့် ဖြစ်ရတဲ့ ပြဿနာပါ။ ကျနော်တို့ ဒီဥပဒေက ဆက် သွယ်ရေး လုပ်ငန်းတွေ ဖွံ့ဖြိုးတိုးတက်ဖို့ နဲ့ ဆက်သွယ်ရေးလုပ်တဲ့ သူတွေကို အထောက်အကူ ပြုနိုင်အောင် ဆောင်ရွက် ခဲ့တဲ့ အထူးဥပဒေတရပ် ဖြစ်ပါတယ်”ဟု ပြောသည်။
ယခု အစိုးရ လက်ထက်တွင် ဆက်သွယ်ရေး ဥပဒေ ပုဒ်မ ၆၆(ဃ) နှင့် တရားစွဲဆို ခံထားရမှု ၅၄ မှု ရှိကြောင်း သိရပြီး ယင်း ပုဒ်မကို ဖျက်သိမ်းပေးရန် တောင်းဆိုမှုများလည်း ရှိနေသည်။
ပုဒ်မ ၆၆ (ဃ)တွင် ဆက်သွယ်ရေးကွန်ရက် တခုခုကို အသုံးပြု၍ ပုဂ္ဂိုလ်တဦးဦးအား ခြောက် လှန့် တောင်းယူခြင်း၊ အနိုင်အထက် ပြုခြင်း၊ မတရား တားဆီး ကာကွယ်ခြင်း၊ အသရေဖျက်ခြင်း၊ နှောင့်ယှက်ခြင်း၊ မလျော်သြဇာ သုံးခြင်း သို့မဟုတ် ခြိမ်းခြောက်ခြင်း လုပ်ရပ်များ မရှိစေရန် တားမြစ်ထားသည်။",,,,,,
<urn:uuid:dd1a872c-52a6-4a82-bfad-311e90c4368d>,"Samsung ဟာ UK ဒေသမှာ Self-repair Program လို့ခေါ်တဲ့ ကိုယ်တိုင်ပြုပြင်နိုင်မယ့် Program ကို စတင်ပြီဖြစ်ကြောင်းနဲ့ နောက်နှစ်ထဲမှာ US အတွက် ဆက်လက်လုပ်ဆောင်သွားမယ်လို့ သိရပါတယ်။
ပြီးခဲ့တဲ့အပတ်မှာ EU ပါလီမန်က လျှပ်စစ်ထုတ်ကုန်များမှာ အသုံးပြုတဲ့ Battery ကို ကော်အသုံးမပြုပဲ အလွယ်တကူ အစားထိုးနိုင်တဲ့ Battery တွေအသုံးပြုရန် အမိန့်ချမှတ်ခဲ့ပြီးနောက် Samsung က အခုလို Program ကို စတင်လိုက်တာ ဖြစ်ပါတယ်။ Samsung ရဲ့ ဥက္ကဌနဲ့ Mobile eXperience ရဲ့ ခေါင်းဆောင်ဖြစ်တဲ့ TM Roh က “Samsung ဟာ ၎င်းတို့ Device တွေရဲ့ Lifecycle ကို တိုးချဲ့နိုင်ရန် အစဥ်အမြဲကြိုးစားနေတာဖြစ်ပြီး အသုံးပြုသူတွေအတွက် အကောင်းဆုံးသော လုပ်ဆောင်ချက်တွေကို အချိန်ကြာနိုင်သမျှ ကြာအောင် ဆောင်ရွက်သွားမှာ ဖြစ်ကြောင်း” ပြောထားပါတယ်။ ဒါ့အပြင် “ကျွန်တော်တို့ရဲ့ ထုတ်ကုန်တွေကို ပြုပြင်နိုင်မှုနဲ့ ပတ်သက်ပြီး တိုးချဲ့သွားမှာ ဖြစ်သလို Self-repair Program ကိုလည်း ကမ္ဘာတစ်ဝှမ်း အသုံးပြုနိုင်အောင် ကြိုးစားသွားမှာ ဖြစ်တယ်” လို့ TM Roh က ပြောပါတယ်။
Samsung ရဲ့ Self-repair Program ဟာ EU မှာ အရင်ကတည်းက ရှိခဲ့တာဖြစ်ပြီး UK ကိုတော့ အခုမှ စတင်တာဖြစ်ပါတယ်။ Samsung ရဲ့ Self-repair Program လုပ်ဆောင်ချက်ကတော့ Samsung ထုတ်ကုန်တွေကို ကိုယ်တိုင်ပြုပြင်နိုင်မယ့် ကိရိယာတွေကို ရောင်းချပေးမှာ ဖြစ်တဲ့အပြင် အပိုပစ္စည်းတွေကိုလည်း ရောင်းချပေးသွားမှာဖြစ်တယ်လို့ သိရပါတယ်။ Samsung ဟာ iFixit နဲ့ US မှာ ပူးပေါင်းထားပေမယ့် ASWO နဲ့ 2Service တို့နဲ့ EU ရှိ Self-repair Program မှာပါဝင်တဲ့ ပစ္စည်းတွေကို ဖြန့်ဝေဖို့ လုပ်ဆောင်ထားသည့်အပြင် ဂျွန်လအကုန်မှာ ဆက်လက်လုပ်ဆောင်မယ့် UK ရဲ့ Self-repair Program ကိုလည်း ၎င်းတို့နဲ့ပဲ လုပ်ဆောင်သွားမယ်လို့ သိရပါတယ်။
Samsung ရဲ့ ပြောပြချက်အရ လက်ရှိ Self-repair Program မှာ ပါဝင်မယ့် Samsung ထုတ်ကုန်တွေကတော့ Galaxy-S Series တွေ ဖြစ်တဲ့ Galaxy S20 ၊ S21 နဲ့ S22 တို့အပြင် Galaxy Book Pro နဲ့ Galaxy Book Pro 360 Laptop တို့ ပါဝင်မှာဖြစ်ကြောင်း သိရပါတယ်။",,,,,,
<urn:uuid:0addaa8c-193e-4fbc-a85d-7e9b38f50ab0>,"22-Oct-2019
တိုကျို၊ အောက်တိုဘာ ၂၂
ဂျပန်ဧကရာဇ် နာရူဟီတို၏ နန်းတက်ပွဲကို ဂျပန်တော်ဝင် ရိုးရာ အစဉ်အလာအတိုင်း ပြုလုပ်ကျင်းပခဲ့ကြောင်း နိုင်ငံတကာမီဒီယာများတွင် ဖော်ပြလျက်ရှိသည်။
ဂျပန်ဘုရင်ကြီး အကီဟီတို နန်းစွန့်သွားပြီးနောက် သားဖြစ်သူ ဘရင် နာရူဟီတိုသည် မေလအတွင်းက ထီးနန်းကို ရယူခဲ့ပြီး ယခု နန်းတက်ပွဲ ကျင်းပခြင်းဖြစ်သည်။
တိုကျိုမြို့ တော်ဝင်နန်းတော်အတွင်းဝယ် ရိုးရာအစဉ်အလာ အခမ်းအနားများ ပြုလုပ်ခဲ့ပြီး တရားဝင်နန်းတက်ခဲ့ခြင်းဖြစ်သည်။
ဂျပန်နိုင်ငံတွင် လူ ၈၀ သေဆုံးခဲ့သော တိုင်ဖွန်း ဟာဂီဘစ်စ်ဖြစ်ပွားပြီးနောက် အဆိုပါ နန်းတက်ပွဲကို ကျင်းပပြုလုပ်ခဲ့ခြင်း ဖြစ်သည်။
သေဆုံးသူများအတွက် ပူဆွေးဝမ်းနည်းခြင်း အထိမ်းအမှတ်အဖြစ် နန်းတက်ပွဲကို နောက်ဆုတ်ခဲ့ခြင်းမျိုး ရှိခဲ့သည်။
ဗြိတိန်အိမ်ရှေ့မင်းသား ချားလ်စ် အပါအဝင် ကမ္ဘာ့ခေါင်းဆောင်များ၊ ဘုရင့်နိုင်ငံအသီးသီးမှ တော်ဝင်ဆွေတော် မျိုးတော်များ တက်ရောက်ခဲ့ကြသည်။ မြန်မာနိုင်ငံမှ နိုင်ငံတော်၏ အတိုင်ပင်ခံပုဂ္ဂိုလ် ဒေါ်အောင်ဆန်းစုကြည်လည်း တက်ရောက်ခဲ့သည်။
နန်းတက်ပွဲကို ဘုရင်ကြီး နာရူဟီတိုက ၆ မီတာခွဲမြင့်သော တာကာမီကူရပလ္လင်ပေါ်မှ ပါဝင်ဆင်နွှဲခဲ့သည်။
လိမ္မော်ဝါရောင် ရှင်ဘုရင်ဝတ်ရုံကို ဆင်မြန်းထားသော ဂျပန်ဧက္ကရာဇ်သည် တရားဝင်နန်းတက်လွှာကို ဖတ်ကြားခဲ့သည်။
“အခြေခံဥပဒေအတိုင်း ကျင့်သုံးမည်ဖြစ်ကာ နိုင်ငံတော်၏ အမှတ်လက္ခဏာအဖြစ်လည်းကောင်း၊ ပြည်သူများ၏ ညီညွတ်စေမှုကိုလည်းကောင်း တာဝန်ကျေပွန်အောင် ထမ်းဆောင်မည်ဟု ကျိန်ဆိုပါသည်”ဟု ဂျပန်ဘုရင်က ပြောကြားခဲ့သည်။
ဂျပန်ဝန်ကြီးချုပ် ရှင်ဇိုအာဘေးက ဂုဏ်ပြုမိန့်ခွန်းပြောကြားပြီးနောက် ဧကရာဇ်ကြီး သက်တော်ရာကျော်ရှည်ပါစေ ဘန်ဇိုင်း ဘန်ဇိုင်းဟု ဂျပန်များက ဟစ်ကြွေးခဲ့ကြသည်။
F-02
- SOURCES
- The Voice
-
04-Jun-2020
-
04-Jun-2020
-
04-Jun-2020
-
04-Jun-2020
-
04-Jun-2020
-
04-Jun-2020
-
01-Jun-2020
-
04-Jun-2020
-
01-Jun-2020
-
01-Jun-2020
-
03-Jun-2020
-
03-Jun-2020",,,,,,
<urn:uuid:e013aa83-8fbc-40c4-9cd0-c69ea0a8528c>,"ခ်စ္သူေ႐ြးၾကတဲ့အခါ ဘယ္လို စံႏႈန္းေတြနဲ႔ ေ႐ြးၾကမွာလဲ။ တစ္ေယာက္ခ်င္းစီရဲ႕ ideal type ေတြက မတူၾကေပမယ့္ အခ်စ္ေရး ကံေကာင္းခ်င္ၾကတာကေတာ့ လူတိုင္းပါ။ ဒီတစ္ေခါက္မွာေတာ့ ပ်ိဳေမတို႔အေနနဲ႔ အခ်စ္ေရးမွာ လူေ႐ြးမွားေနၿပီဆိုတာ သိႏိုင္မယ့္ အခ်က္ေလးေတြကို ေဖာ္ျပေပးခ်င္ပါတယ္…. (၁) သင္လုပ္သမွ်အရာရာကို အဆိုးဘက္က ေဝဖန္တတ္တယ္ သင္ဝတ္ထားတဲ့ အဝတ္အစား […]
လက္ထပ္ပြဲမွာ ခ်စ္ရသူကိုၾကည့္ပီး ၀မ္းသာအားရ ဖက္ငိုေၾကြးခဲ့တဲ့ သတို႕သား(ရုပ္သံ) ရုပ္သံဖိုင္ကို ေအာက္ဆံုးတြင္ ေဖာ္ျပထားပါသည္။ ေယာက်္ားေလးတစ္ေယာက္ဟာ ခ်စ္သူကို အခ်စ္စစ္နဲ႔ ခ်စ္မိသြားတဲ့ အခါမွာ အရမး္ကိုု တန္ဖိုးထားတတ္ၾကပါတယ္။ ေယာက်္ားေလးတိုငး္က တန္ဖိုးမထားတတ္ပါဘူး။ တကယ္လို႔သင့္ခ်စ္သူက သင့္ကို အခုေဖာ္ျပေပးတဲ့အတိုင္း ျပဳမူဆက္ဆံတယ္ဆိုရင္ေတာ့ သင့္ခ်စ္သူဟာ ေယာက်ာ္းေကာင္းတစ္ေယာက္ ျဖစ္တဲ့အျပင္ သင္ဟာ […]
သင့္ကို တန္ဖိုးမထားတဲ့ခ်စ္သူကို ေနာင္တရသြားေအာင္လုပ္နိုင္မယ့္ နည္းလမ္း(၅)မ်ိဳး ကိုယ့္ဘက္က ခ်စ္နိုင္သေလာက္ခ်စ္ေပးခဲ့ေပမယ့္ ကိုယ္ခ်စ္မွန္းသိလို႕ အနိုင္ယူျပီး ကိုယ့္အခ်စ္ေတြကိုတန္ဖိုးမထားဘဲ ပစ္ခ်ခဲ့တဲ့သူမ်ိဳးနဲ႕ၾကံုရတဲ့အခါ ဒီအတြက္ ျပိုလဲခံစားမေနပါနဲ႕။ ကိုယ့္အခ်စ္ေတြကိုတန္ဖိုးမထားခဲ့တဲ့သူအတြက္ ကိုယ့္ကိုယ္ကိုထိခိုက္မခံဘဲ သူတို႕ေတြေနာင္တရသြားေအာင္ ဒီလိုနည္းေလးေတြနဲ႕ တံု႕ျပန္လိုက္ပါ။ (၁) ဂရုမစိုက္ပါနဲ႕ ကိုယ္ခ်စ္တာေတြကို သူတန္ဖိုးမထားမွန္းသိျပီဆိုတာနဲ႕ သူ႕ကိုတြယ္ကပ္ေနတာထက္ ဂရုမစိုက္တာက ပိုေကာင္းပါတယ္။ သူ႕ရဲ႕အျပဳအမူေတြ၊ […]
ဘယ္ေလာက္ပဲခ်စ္ပါတယ္ေျပာေျပာ မယူသင့္ လက္မထပ္သင့္တဲ့ ေယာက္်ား ၈ မ်ိဳးကို ေျပာျပေပးလိုက္ပါတယ္။ ဒီလိုေယာက်္ားမ်ိဳးေတြကို လက္ထပ္ဖို႔မသင္ပပါဘူးေနာ္ … { လင္မြဲ } ဘယ္ေလာက္ပဲ ခ်စ္ခ်စ္ စီးပြားေရး အသိတရား မရွိဘူး ဆိုရင္ အိမ္ေထာင္ေရးဟာ ေရမ႐ွိတဲ့ အိုင္မွာ ေနရတဲ့ငါးလိုပဲ ပူေလာင္ေျခာက္ေသြ႔ လြန္းပါတယ္။ […]
လူတစ္ေယာက္ကို တကယ္ခ်စ္တဲ့အခါ ၿဖစ္ေပၚလာတဲ့ ခံစားခ်က္ (၁၃) ခ်က္ (၁) မနက္မိုးလင္းလို့ မ်က္စိႏွစ္လံုးဖြင့္လိုက္တာနဲ့ သူ့မ်က္ႏွာေလးကိုအရင္ဦးဆံုး ၿမင္ေယာင္တတ္ယ္ ၊၊ (၂) ဖုန္း ringtone သံၾကားတိုင္း၊ မက္ေဆ့ တစ္ခု၀င္တိုင္း သူမ်ားလားဆိုတဲ့ ေမွ်ာ္လင့္ခ်က္ေလးနဲ့ ဖုန္းကို ကမမ္းကတမ္း ဖြင့္ၾကည့္တတ္တယ္ ၊၊ (သူမဟုတ္ဘူးဆိုတာ […]
ခ်စ္ တယ္လို႔ေျပာတာကတေယာက္ေယာက္ကိုဂ႐ုစိုက္တယ္ဆိုတာေျပာျပဖို႔အလြယ္ဆုံးနည္းျဖစ္ေပမယ့္အဲဒီတနည္းပဲရွိတာေတာ့မဟုတ္ပါဘူး။ခံစားခ်က္ေတြေဖာ္ျပတာကတေယာက္နဲ႔တေယာက္မတူပါဘူး။တခ်ိဳ႕ကစကားလုံးေတြသုံးၿပီးတခ်ိဳ႕ကအျပဳအမူနဲ႔ျပပါတယ္။သင့္ရဲ့လက္တြဲေဖာ္ကသင့္ကိုလုပ္ျပတဲ့အျပဳအမူေတြကေဒါသထြက္စရာစိတ္ပ်က္စရာေတြလည္း ျဖစ္နိုင္ပါတယ္ …။ BrightSideက သင္ခ်စ္ရတဲ့လူေတြ လုပ္ျပတဲ့ အျပဳအမူေတြက ဘာကိုဆိုလိုလဲဆိုတာ ေျပာစရာမလိုေအာင္ သိဖို႔ နည္း ၆ နည္းကို ေဖာ္ျပထားပါတယ္ ..။ (၁) သင္ေျပာတာေတြကို ကိုယ္ပိုင္ဒိုင္ယာရီလို နားေထာင္တယ္ သင့္ရဲ႕ လက္တြဲေဖာ္ကသင့္ေျပာတဲ့ ေပ်ာ္စရာေကာ၊ ဝမ္းနည္းစရာေကာကို နားေထာင္ၿပီး […]
ဘယ္ေလာက္ပဲ ခ်စ္ပါတယ္ ေျပာေျပာမယူသင့္ လက္မထပ္သင့္တဲ့ ေယာက္်ား (၈) မ်ိဳး… ဘယ္ေလာက္ပဲခ်စ္ပါတယ္ေျပာေျပာ မယူသင့္ လက္မထပ္သင့္တဲ့ ေယာက္်ား ၈ မ်ိဳးကို ေျပာျပေပးလိုက္ပါတယ္။ ဒီလိုေယာက်္ားမ်ိဳးေတြကို လက္ထပ္ဖို႔မသင္ပပါဘူးေနာ္ … { လင္မြဲ } ဘယ္ေလာက္ပဲ ခ်စ္ခ်စ္ စီးပြားေရး အသိတရား မရွိဘူး […]
အိမ္ေထာင္မျပဳခင္ ကိုယ့္ခ်စ္သူနဲ႔အတူ လုပ္ဖူးထားသင့္တဲ့ အရာ (၄) ခု… ကိုယ့္ခ်စ္သူနဲ႔အတူ အိမ္ေထာင္တစ္ခု တည္ေထာင္ဖို႔ ဆုံးျဖတ္ခ်က္မခ်ခင္မွာ အရင္ဆုံး သူနဲ႔အတူ ျပဳလုပ္ဖူးသင့္တဲ့အရာေတြ ရွိေနပါတယ္။ တစ္ေယာက္အေၾကာင္း တစ္ေယာက္ဘာမွ ဂဃနဏမသိပဲ တြဲတာ လပိုင္းေလာက္နဲ႔ မဂၤလာခန္းမထဲ ဝင္လိုက္မိတယ္ဆိုရင္ေတာ့ ဒီအိမ္ ေထာင္ဟာ နားလည္မႈပိုင္း အားနည္းႏိုင္သလို၊ […]
ခ်စ္သူ ရည္းစားထားတယ္ဆိုတဲ႔ေနရာမွာ တစ္ေယာက္တည္း ခ်စ္ေနရံုနဲ႔ မၿပီးပါဘူး။ တစ္ေယာက္နဲ႔ တစ္ေယာက္ တန္ဖိုးထားမႈ တူညီျပီး အဆင္ေျပမွသာ ေရရွည္လက္တြဲႏုိင္တာ ျဖစ္ပါတယ္။ တစ္ခါတစ္ေလမွာ သင့္ဘက္က တန္ဖိိုးထားေပမယ့္ သူ႕ဘက္ကေတာ့ သင့္အေပၚ တန္ဖိုးမထား ပစ္ခ်သြားသူေတြနဲ႔ ႀကံဳႏိုင္ပါတယ္ …။ ဒီလို ျဖစ္လာတဲ့အခါ အခ်ိန္အၾကာႀကီး အသည္းကြဲမေနသင့္ပါဘူး။ […]
တနလၤာ သားသမီးေလးေတြကို ခ်စ္သူ ေတာ္မယ္ ဆိုရင္ သိထားသင့္တဲ့ အခ်က္မ်ား တနလၤာေတြဟာ မိတ္ေဆြ ေပါမ်ားတယ္။ လူခ်စ္ လူခင္လည္း ေပါမ်ားတဲ့ ေန႔နာမ္ ပိုင္ရွင္ေတြ ျဖစ္တယ္။ ေဒါသထြက္ တတ္ေပမဲ့ အျပင္မွာ ထုတ္ၿပီး အရမ္း မပြားပါဘူး။ မိသားစုအေပၚမွာ ဆိုရင္ေတာ့ နဲနဲ […]",,,,,,
<urn:uuid:aab8c17c-f51f-4bd4-ae53-1066528d373c>,"မတ်လ ၁၉ရက်က ရန်ကုန်တိုင်းဒေသကြီး၊ ကြည့်မြင်တိုင် ကမ်းနားလမ်းတွင် YBS ၂၃ ယာဥ်ရှေ့ အမျိုးသားတစ်ဦးက အတင်းဝင်ရောက် အတိုက်ခံကာ အဆုံးစီရင်မှုတစ်ခု ဖြစ်ပွားခဲ့သော်လည်း YBS ယာဥ်မောင်းက အချိန်မီရှောင်တိမ်းနိုင်သဖြင့် အသက်မသေခဲ့ကြောင်း ထိုလူနာကို ဆေးရုံပိုပေးခဲ့သည့် ရောင်စဥ်မဲ့လူမှုကူညီရေးအသင်းမှ တာဝန်ရှိသူတစ်ဦးက ပြောသည်။
“အမျိုးသားက အသက် ၆၀ ကျော်လောက်ရှိမယ်။ သူက YBS အရှေ့ကို ပြေးမဝင်ခင် ရှေ့ကား ၂ စီးလောက်ကိုလည်း အဲဒီလို လုပ်နေလို သူ့ကို မသင်္ကာတာနဲ့ နောက်ကနေ အိမ်စီးကားတစ်စီးက တောက်လျောက် လိုက်ကြည့်ရင်း ဖုန်းနဲ့ မှတ်တမ်းယူဖြစ်တယ်ပေါ့။ အဲ့ဒါကြောင့်မို တိုက်မိတဲ့ YBS ယာဥ်က ယာဥ်မောင်း သက်သာနိုင်မယ် ထင်ပါတယ်”ရောင်စဥ်မဲ့လူမှုကူညီရေးအသင်းမှ တာဝန်ရှိသူ ဦးသန်းထိုက်အောင်က ပြောသည်။
YBS 23 ယာဥ်လိုင်းမှ ယာဥ်မောင်းက အလျင်အမြန်တိမ်းရှောင်နိုင်ခဲ့သောကြောင့် အဆိုပါအမျိုးသားတွင်
ဦးခေါင်းဒဏ်ရာ (မစိုးရိမ်ရ)သာရရှိခဲ့ပြီး ရန်ကုန်ပြည်သူ့ဆေးရုံကြီးသို တင်ခဲ့ကြောင်းသိရသည်။
ယာဥ်တိုက်ခံရသူ အမျိုးသား မှာ အမည်၊ နေရပ်လိပ်စာ မသိရှိရသေးကြောင်းနှင့် မေးမြန်းရာတွင်လည်း သူ့ကိုယ်သူ “ကျွန်တော် မသေသေးဘူးလား” ဆိုသည့် စကားမှလွဲ၍ ကျန်သည်ကို မေးမြန်းမရသေးကြောင်းလည်း အထက်ပါတာဝန်ရှိသူက ပြောကြားမှုအရ သိရသည်။
(MT News)",,,,,,
<urn:uuid:734b435a-9f38-483e-894f-18b082d61f3e>,"သစ္နက္ဆူး
Sunday, September 7, 2008
သက္ျငိမ္
သက္ျငိမ္ ၂
သက္ျငိမ္ ၃
သက္ျငိမ္ ၄
က်ေနာ့္ရဲ ့သက္ျငိမ္ပံုေလးေတြပါ....
ေက်ာင္းမွာတုန္းက ဆရာက သက္ျငိမ္ပံုေတြ အမ်ားၾကီး၊ လနဲ ့ခ်ီျပီး ေရးဆြဲခိုင္းပါတယ္....
က်ေနာ္တို ့ကေတာ့ လူပံုေတြ ပိုစတာေတြ ဆြဲခ်င္တာေပါ့....
ေနာက္မွ ဆရာ့ ေက်းဇူးကို နားလည္ခဲ ့ရတာပါ.....
သက္ျငိမ္ကို ပိုင္နိုင္ေအာင္ဆြဲ နိုင္လာတဲ့ အခါ ေမာ္ဒယ္ထိုင္ျပီး ပံုတူ ဆြဲတာေလာက္ေတာ့ ေအးေဆးေပါ့။
ဘာေၾကာင့္ ဒီပို ့စ္ေလး ေရးသလဲဆိုရင္ေတာ့ ၀ါသနာရွင္ လူငယ္ေလးေတြ ကို သက္ျငိမ္ပန္းခ်ီရဲ ့ အေထာက္အကူေပးမႈကို သိေစခ်င္လို ့ပါ...။
သစ္နက္ဆူး
Posted by
သစ္နက္ဆူး
at
6:48 AM
Email This
BlogThis!
Share to Twitter
Share to Facebook
Share to Pinterest
Labels:
ပန္းခ်ီကားေလးေတြ
No comments:
Post a Comment
Newer Post
Older Post
Home
Subscribe to:
Post Comments (Atom)",,,,,,
<urn:uuid:5c17e8cb-1eb2-4d70-8522-ccac16560fac>,"မင်းကွတ်သီး
|မင်းကွတ်သီး|
Purple Mangosteen
|Mangosteen fruit, together with its cross section|
|သိပ္ပံနည်းကျ အမျိုးအစားခွဲခြင်း|
|လောက:||Plantae|
|Division:||Angiosperm|
|မျိုးပေါင်း:||dicots|
|မျိုးစဉ်:||Malpighiales|
|မျိုးရင်း:||Clusiaceae|
|မျိုးစု:||Garcinia|
|မျိုးစိတ်:||G. mangostana|
|ဒွိနာမ|
|Garcinia mangostana|
L.
မင်းကွတ်ပင်သည် ဂတ်တဖာရီး မျိုးရင်းတွင် ပါဝင်၍ ယင်းကို ရုက္ခဗေဒအလိုအားဖြင့် ဂါစင်းနီးယားမန်ဂိုစတားနားဟုခေါ်သည်။ မင်းကွတ်ပင်၏ မူလပေါက်ရာအရပ်မှာ မလ္လာယုကျွန်းဆွယ်ဖြစ်၍ မြန်မာနိုင်ငံတွင်းသို့ တဆင့်ယူဆောင်စိုက်ပျိုးသည့် အပင်လတ်မျိုးဖြစ်သည်။ မင်းကွတ်ပင်သည် ပု၍ ဝိုင်းသည့်အပြင် လှပ၏။ အချို့မင်းကွတ်ပင်များမှာ ပေ ၃ဝ အထိ မြင့်မားကြသည်။ အရွက်သည်စိမ်း၍ ထူပြီးလျှင် တောက်ပ၏။ အမွေးကလေးများလည်း ပါရှိ၏။ အချို့မင်းကွတ်ရွက်များသည် ၈ လက်မခန့်အထိ ရှည်သည်။ မင်းကွတ်ပွင့်သည် ပန်းရောင်ဖြစ်၍ အချင်း ၂ လက်မခန့်ရှိသည်။
မင်းကွတ်သီးသည် လိမ္မော်သီး ပုံသဏ္ဌာန်ကဲ့သို့ ရှိသော်လည်း လိမ္မော်သီးထက်ငယ်သည်။ အရောင်မှာ သီးစ၌ စိမ်း၍ မှည့်လာသောအခါ နီညို၍ မှောင်သော အရောင်ရှိသည်။ ကန့်လန့်ဖြတ် တိုင်းလျှင် ၂ လက်ခခန့်ရှိသည်။ မင်းကွတ်သီး၏ အခွံမှာ ထူ၍မာ၏။ အခွံအတွင်း၌ အဖြူရောင်အသားရှိသော အမြွာပေါင်း ၄ မြွာမှာ ၈ မြွာထိ ပါလေ့ရှိသည်။ ထိုအသားမှာ ပျော့ညက်၍ ချိုပြီးလျှင် အေးသောအရသာရှိသည်။ အရည်ရွှမ်းသည်။ မြန်မာနိုင်ရှိ လူအများပင် ဒူးရင်းသီးကို စားသုံးကြပြီးနောက် မင်းကွတ်သီးကို စားသုံးလေ့ရှိကြသည်။ ဒူးရင်းသီး၏ သဘာမှာ အပူများ၍ မင်းကွတ်သီးတွင် အေးသော သဘာဝဓာတ်ပါသဖြင့် အပူအအေးမျှတအောင် စားသည်ဟု ဆိုကြသည်။
မင်းကွတ်ပင်သည် ပူပြင်းစိုစွတ်သော ရာသီဥတုကို ကြိုက်နှစ်သက်သဖြင့် တနင်္သာရီတိုင်း၌ ထိုအပင်များ ကောင်းစွာ ဖြစ်ထွန်းကြသည်။ ထိုကြောင့် တနင်္သာရီတိုင်းတွင် မြေဩဇာထက်သန်သည့် ချိုင့်ဝှမ်းများနှင့် ပင်လယ်ကမ်းတလျှောက်ရှိ တောင်ခြေတို့၌ မင်းကွတ်ခြံကြီးများကို တွေ့မြင်ရသည်။
အပင်သစ်ပွားလာအောင် လက်ရှိပြုလုပ်နည်းမှာ အစေ့ကို စိုက်သည့်နည်းပင်ဖြစ်သည်။ ဤနည်းဖြင့် စိုက်ပျိုးလျှင် မင်းကွတ်ပင်များ အကြီးနှေး၍ အပင်သက် ၁ဝ နှစ်ကျမှ အသီးသီးနိုင်သည်။ ထိုကြောင့် အသီးမြန်မြန် ရရှိရန်အတွက် အပင်ပေါက်စ အောက်ခံပင်များ မျိုးကိုင်းများနှင့် အကိုင်းချင်းဆက်နည်းဖြင့်၎င်း၊ မြေထုပ်ဆွဲခြင်းနည်းဖြင့်၎င်း စမ်းသပ် စိုက်ပျိုးလျက်ရှိကြသည်။ မင်းကွတ်ပင်များကို တပင်နှင့်တပင် ပေ ၂ဝ စီခွာ၍ စိုက်ပျိုးကြသည်။
မင်းကွတ်ပင်သည် ဆောင်းရာသီ နိုဝင်ဘာလလောက်မှစ၍ ဖေဖော်ဝါရီလကုန်၊ မတ်လဆန်းအထိအပွင့်များပွင့်သည်။ မိုးဦးနှင့် မိုးလယ်လများဖြစ်သော မေလမှ ဩဂုတ်လအတွင်း အသီးများမှည့်ကြသည်။ မင်းကွတ်သီးမှည့်သည့် ချိုအေးသော အရသာနှင့် ပြည့်စုံသောကြောင့် ကမ္ဘာတွင် ကျော်ကြားသော သစ်သီးဖြစ်သည်။ ထိုကြောင့် နိုင်ငံတော်အစိုးရ စိုက်ပျိုးရေးဌာနသည် မင်းကွတ်သီးများကို ဥရောပတိုက်နှင့် အာဖရိကတိုက်တောင်ပိုင်းသို့ နှစ်စဉ် တင်ပို့ရောင်းချလေသည်။
မင်းကွတ်သီးအခွံ၊ အခေါက်နှင့် အရွက်နုများကို ဝမ်းကိုက်ရောဂါအတွက် ဆေးအဖြစ် အသုံးပြုကြသည်။ ထိုကြောင့် မင်းကွတ်သီးအခွံကို နေလှန်း၍ သိမ်းဆည်းထားတတ်ကြသည်။
ကိုးကား[ပြင်ဆင်ရန်]
- မြန်မာ့စွယ်စုံကျမ်း အတွဲ (၉) အပိုင်း (က)",,,,,,
<urn:uuid:989f26d7-e69f-4212-a329-845e1adb618a>,"တိဗက်-ဗမာနွယ် ဘာသာစကားများ
တိဗက်-မြန်မာ ဘာသာစကားအုပ်စုမှာ တရုတ်စကား မဟုတ်သော တရုတ်-တိဗက် မိသားစုဝင် ဘာသာစကား အုပ်စု ဖြစ်ပြီး အမျိုးကွဲပေါင်း ၄၀၀ ကျော်ကို အရှေ့တောင် အာရှ ကုန်းမြေမြင့်များ နှင့် မြန်မာနိုင်ငံရှိ မြေပြန့်ဒေသများတွင် ပြောဆိုကြသည်။ ဘာသာစကား၏ အမည်မှာ အဓိက စကားပြောသူများ ဖြစ်သည့် ၃၅ သန်းကျော်သော မြန်မာဘာသာစကား ပြောသူ နှင့် ၈ သန်းကျော်သော တိဘက်စကား ပြောသူများကို အစွဲပြု၍ မှည့်ခေါ်ထားသည်။ ထိုတိဘက်-ဗမာအနွယ်ဝင် ယီဘာသာစကားပြောသူအရေအတွက် ၁၀သန်းခန့် ရှိသည်။ တရုတ်ပြည်တောင်ပိုင်းတွင် နေထိုင်ကြသည်။ အခြားဘာသာစကားများမှာ လူနည်းစု အဖွဲ့အစည်းများမှ အသုံးပြုကြသည်။
တိဘက်- မြန်မာစကား ဘာသာစကားအုပ်စုတွင် ပြောဆိုသူအရေအတွက်သည် ၆၁သန်းနီးပါးရှိ၍ ဗမာဘာသာသည် ထိုအရေအတွက်၏ ၅၀%ကျော်ရှိသည်။",,,,,,
<urn:uuid:3935ee83-0785-4c29-9ee8-c73cc7cf6ccd>,"ျမန္မာႏုိင္ငံ ေဒသတခ်ဳိ႕မွာ ေဒသခံျပည္သူေတြအေပၚ ေအာက္ေျခ လက္နက္ကိုင္အဖြဲ႕ေတြ၊ အာဏာရပါတီ အဖြဲ႕အစည္း အဆင့္ဆင့္တို႔ရဲ႕ အင္အားသံုး ဖိႏွိပ္မႈေတြ၊ လူ႕အခြင့္အေရးနဲ႔ ဥပေဒ ခ်ိဳးေဖာက္မႈေတြ၊ တိုင္းရင္းသားလူမ်ိဳးစုေတြနဲ႔ လူနည္းစု ဘာသာ၀င္ေတြအေပၚ ခြဲျခားဆက္ဆံ အၾကမ္းဖက္မႈ၊ ဘာသာေရး အၾကမ္းဖက္မႈ စတဲ့ ျဖစ္ရပ္ေတြ ေပၚေပါက္ေနေၾကာင္း၊
ဒီျဖစ္ရပ္ေတြဟာ အေျပာင္းအလဲကို ဆန္႔က်င္လိုသူေတြက ႏိုင္ငံေရး အၾကပ္အတည္းျဖစ္ေအာင္၊ ဒီမိုကေရစီ လမ္းေၾကာင္းကေန ေနာက္ေၾကာင္း ျပန္လွည့္သြားေအာင္ ရည္ရြယ္ခ်က္ရွိရွိ တမင္လုပ္ႀကံ ဖန္တီးေနတယ္ဆိုတာ သက္ေသခံေနေၾကာင္း၊
ဒါ့ျပင္ ႏုိင္ငံေတာ္ သမၼတ၊ အစိုးရအဖြဲ့၊ တပ္မေတာ္တို႔အေနနဲ ့ ျပဳျပင္ ေျပာင္းလဲေနသူမ်ားအျဖစ္ ႏိုင္ငံတကာအလယ္မွာ ဂုဏ္သိကၡာရွိရွိ ရပ္တည္ေရးကုိလည္း ဒီျဖစ္ရပ္ေတြက ထိခိုက္ေစေၾကာင္း၊
ဒါေၾကာင့္ ႏိုင္ငံေတာ္ တည္ျငိမ္ေရး၊ ရပ္ရြာေအးခ်မ္း သာယာေရးနဲ႔ တရားဥပေဒ စိုးမိုးေရးအတြက္ ႏုိင္ငံေတာ္ စုံစမ္းစစ္ေဆးေရး ေကာ္မရွင္ဖြဲ ့စည္းျပီး အခ်ိန္နဲ႔ တေျပးညီ ေဖာ္ထုတ္ အေရးယူသင့္ေၾကာင္း ေၾကညာခ်က္မွာ ေဖာ္ျပပါရွိပါတယ္။",,,,,,
<urn:uuid:1d059372-9a44-42fa-a3b1-03db7aaa6589>,"ဘေရွတ် ၊ သြဂုတ် ၅ ရက်(ဆင်ဟွာ)
လက်ဘနွန်နိုင်ငံ ဘေရွတ်မြို့ ဆိပ်ကမ်းတွင် သြဂုတ် ၄ ရက် ညနေပိုင်းက ဖြစ်ပွားခဲ့သည့် ပြင်းထန်သော ပေါက်ကွဲမှုအတွင်း သေဆုံးသူ ဦးရေသည် လက်ရှိအချိန်တွင် ၇၃ ဦးအထိမြင့်တက်လာပြီး ဒဏ်ရာရသူ အရေအတွက်မှာလည်း ၃,၇၀၀ဦးထိ ရှိလာခဲ့ကြောင်း သိရသည်။
သြဂုတ် ၄ ရက် ညနေပိုင်း ဒေသစံတော်ချိန် ၁၈:၁၀ ခန့်တွင် ဘေရွတ်မြို့ဆိပ်ကမ်း၌ ပြင်းထန်သည့် ပေါက်ကွဲမှုဖြစ်ပွားခဲ့ရာ ဆိပ်ကမ်း၏ ၅ ကီလိုမီတာအကွာအဝေးအတွင်း တည်ရှိသော အဆောက်အဦများသည် တုန်ခါမှုကို ခံစားခဲ့ရသလို မြောက်ပိုင်းရှိ ဘေးဘလော့စ်၊ တောင်ပိုင်း ဆီဒန် စသည့် မြို့နေပြည်သူများမှလည်း ပြင်းထန်သည့် ပေါက်ကွဲသံကို ကြားခဲ့ရကြောင်း သိရသည်။
လက်ဘနွန်နိုင်ငံ ဘေရွတ်မြို့တွင် ဩဂုတ် ၄ ရက်က ပေါက်ကွဲမှုဖြစ်ပွားခဲ့သည့် မြင်ကွင်းအား တွေ့ရစဉ် (ဆင်ဟွာ)
လက်ဘနွန်နိုင်ငံ ဘေရွတ်မြို့တွင် ဩဂုတ် ၄ ရက်က ပေါက်ကွဲမှုဖြစ်ပွားခဲ့သည့် မြင်ကွင်းအား တွေ့ရစဉ် (ဆင်ဟွာ)
လက်ဘနွန်နိုင်ငံ ဘေရွတ်မြို့တွင် ဩဂုတ် ၄ ရက်က ပေါက်ကွဲမှုဖြစ်ပွားခဲ့သည့် မြင်ကွင်းအား တွေ့ရစဉ် (ဆင်ဟွာ)
ပေါက်ကွဲမှုကြောင့် ဘေရွတ်မြို့ရှိ နေအိမ်နှင့်လမ်းများ ဆိုးဆိုးဝါးပျက်စီးခဲ့ကြောင်း သိရသည်။ “ကပ်ကြီးကျသလိုပါပဲ။လူတွေအများကြီးဒဏ်ရာရကုန်တယ်”ဟု အချင်းဖြစ်ရပ်ကို ကြုံတွေ့ခဲ့သည့် မြို့နေတစ်ဦးက ဆိုသည်။ အချင်းဖြစ်ပွားနေရာမှ ၁၀ ကီလိုမီတာကျော် အကွာအဝေးရှိ သမ္မတ အိမ်တော် အဆောက်အဦးလည်း ပျက်စီးခဲ့ကြောင်း ဒေသခံမီဒီယာများ၏ ဖော်ပြချက်များအရ သိရသည်။
အချင်းဖြစ်ပွားရာနေရာသို့ အရေးပေါ်ယာဉ် အမြောက်အမြားသွားရောက် ကူညီကယ်ဆယ်မှုများ ပြုလုပ်ပေးခဲ့သလို မီးသတ်ကားအမြောက်အမြားလည်း မီးငြိှမ်းသတ်ပေးခဲ့ကြောင်း နှင့် လက်ဘနွန် စစ်တပ်မှလည်း ရဟတ်ယာဉ်များ စေလွှတ်ကူညီဆောင်ရွက်ပေးခဲ့ကြောင်း သိရသည်။
ကနဦး စရင်းများအရ အချင်းဖြစ်ပွားမှုအတွင်း သေဆုံးသူ အနည်းဆုံး ၇၃ ဦး ၊ ဒဏ်ရာရသူ ၃,၇၀၀ ဦး ရှိကြောင်း လက်ဘနွန်နိုင်ငံ ကျန်းမာရေးဝန်ကြီးHassanက အချင်းဖြစ်ပွားသောနေ့တွင် ပြောကြားခဲ့သည်။
ဘေရွတ်ဆေးရုံတွင် လူနာ လက်ခံကုသနိုင်မှု အကန့်အသတ်ရှိသောကြောင့် ဒဏ်ရာရသူများကို အနီးတဝိုက်ဆေးရုံများသို့ မျှဝေပို့ဆောင်ပေးကြရန်နှင့် ဆေးဝန်ထမ်းများအားလုံး ကယ်ဆယ်ကုသရေးတွင် ပါဝင်ကြရန် ၎င်းက တိုက်တွန်းပြောကြားခဲ့သည်။
လက်ရှိတွင် အချင်းဖြစ်ပွားသည့် အသေးစိတ်အခြေအနေကို မသိရသေးပေ။ လက်ဘနွန် မီဒီယာများ၏သတင်းအရ ဆိပ်ကမ်းရှိ သိုလှောင်ရုံတစ်ခု မီးလောင်ရာမှ အကြီးစားပေါက်ကွဲမှုဖြစ်ပွားခဲ့ကြောင်း သိရသည်။
မျက်မြင်သက်သေတစ်ဦးက အချင်းဖြစ်ပွားသောနေ့တွင် ပေါက်ကွဲမှုနှစ်ကြိမ် ဖြစ်ပွားခဲ့ကြောင်း ၊ ယင်းပေါက်ကွဲနှစ်ခုသည် စက္ကန့်ပိုင်းသာခြားကြောင်း ဆိုသည်။
လက်ဘနွန် ပြည်ထဲရေးဝန်ကြီး Fahmiက ပေါက်ကွဲမှုသည် ၂၀၁၄ခုနှစ်က ဆိပ်ကမ်း ဂိုဒေါင်တွင် သိုလှောင်ထားသည့် အမိုးနီးယားနိုက်ထရိတ် ဓါတ်တု ပစ္စည်းကြောင့် ဖြစ်နိုင်ကြောင်း ဆိုသည်။
လက်ဘနွန်နိုင်ငံ သမ္မတ Aoun အချင်းဖြစ်ပွားသောနေ့တွင်ပင် အရေးပေါ်လုံခြုံရေးအစည်းအဝေးခေါ်ယူခဲ့ပြီး ပေါက်ကွဲမှုနောက်ပိုင်းကိစ္စရပ်များကို ဆောင်ရွက်ရန် စစ်တပ်ကို ညွှန်ကြားခဲ့သလို ဒဏ်ရာရသူများကို သက်ဆိုင်ရာဌာနမှ အခမဲ့ကုသပေးရန်၊ နေအိမ်ပျက်စီး အိုးမဲ့အိမ်မဲ့ဖြစ်သော မိသားစုများအား ကူညီထောက်ပံ့မှုပေးရန် ညွှန်ကြားခဲ့ကြောင်း သိရသည်။
သမ္မတ Aoun အချင်းဖြစ်နေရာသို့ သွားရောက်ကြည့်ရှုခဲ့ရာ သြဂုတ် ၅ ရက်ကို တစ်နိုင်ငံလုံး အောက်မေ့ဝမ်းနည်းဖွယ်နေ့အဖြစ် ကြေညာခဲ့ပြီး လက်ဘနွန်ကို နိုင်ငံတကာ အသိုက်အဝန်းမှ အကူအညီပေးရန် တောင်းခံခဲ့ကြောင်း သိရသည်။ (Xinhua)",,,,,,
<urn:uuid:90ef81d1-24d2-4081-9484-1ba221e643f9>,"ယေန႔ ၂၀၁၂ခုႏွစ္၊ ဇူလိုင္လ၊ (၁၉)ရက္ေန႔ အာဇာနည္ေန႔တြင္ ဗိုလ္ခ်ဳပ္ေအာင္ဆန္း႐ုပ္ရွင္ျဖစ္ေျမာက္ ေရး႐ုံးခန္း၌ ဗိုလ္ခ်ဳပ္ေအာင္ဆန္းႏွင့္ တက
ြ က်ဆံုးေလၿပီးေသာ အာဇာနည္ေခါင္းေဆာင္းႀကီးမ်ာ းအား
ရည္စူး၍ သံဃာေတာ္(၃)အား ပင့္ဖိတ္ၿပီး ဆြမ္းကပ္လွဴဒါန္းျခင္း၊
သကၤန္းကပ္လွဴျခင္း၊ အမွ်အတန္းေပးေ၀ျခင္းမ်ား ျပဳလုပ္ခဲ့ပါသည္။
ဗိုလ္ခ်ဳပ္ေ အာင္ဆန္း ႐ုပ္ရွင္ျဖစ္ေျမာက္ေရး အဖြဲ႔မွ
ဦးမိုးသူ ၊ ဦးေမာ္လင္း၊ ဦးဇာဂနာ ၊ ဦးအ႐ုိင္း၊ ဦးမင္းထင္ကိုကိုႀကီး၊
ဦးေဇာ္သက္ေထြး၊ မအိအိခိုင္၊ မထြန္းအိျႏၵာဗို၊ မၾကည္ျဖဴသွ်င္ တို႔
စုေပါင္း၍ ဆက္ကပ္ လွဴဒါန္းခဲ့ၾကပါသည္။",,,,,,
<urn:uuid:aeae94c1-fd8d-49cb-8e5b-7b22819fd9e4>,"မအူပင်မြို့နယ်တွင် ကျေးရွာအုပ်စု ၇၆ အုပ်စုနှင့် ရပ်ကွက် ၁၂ ရပ်ကွက်ရှိပြီး ကျေးရွာအုပ်စုများရှိနွေစပါးနှင့် မိုးစပါးစိုက်ဧကစုစုပေါင်းမှာ ၁၈၄၇၀၆ ဧကရှိသည်။ ဒေသ ဝမ်းစာဖူလုံသည့်အပြင် ပိုလျှံစပါးများကို ကျိုက်လတ်၊ ဝါးခယ်မ၊ မော်လမြိုင်ကျွန်း၊ ညောင်တုန်း၊ တွံတေးစသည့် မြို့များမှ အိမ်တိုင်ရာရောက်ဝယ်ယူခဲ့သည်။ မအူပင်မြို့နယ်အတွက် ယခုနှစ်တွင် မိုးစပါး တင်ဒါအောင်မြင်သူ ဦးကျော်ကျော်လင်းက အခြေခံဈေးကျပ် ငါးသိန်းဖြင့် စပါးတင်းငါးသောင်းဝယ်ယူမှု အောင်မြင်စွာ ဆောင် ရွက်နိုင်ပြီး တောင်သူများအတွက် ရေကျနောက်စိုက် စပါးများပေါ်ထွက်လာသော ယခုအချိန်တွင် ရေကျနောက် စိုက်သီးထပ်ရင်စပါးတင်း ၁၀ဝ လျှင် ကျပ်ငါးသိန်းသုံးသောင်း ဖြင့်အရောင်းအဝယ်ဖြစ်နေပြီး ရန်ကုန် ဘုရင့်နောင်ဆန်ပွဲရုံ ၌ ဆန်တစ်အိတ်လျှင် ကျပ်နှစ်သောင်းတစ်ထောင်နှုန်းဖြင့် ဝယ်လိုအားကောင်းလျက်ရှိပြီး ရေကျနောက်စိုက်စပါးသီး ထပ်ရင်မှာ လိုသလောက် ဝယ်ယူရရှိခြင်းမရှိသေးသဖြင့် မအူပင် ဆန်စပါးဈေးကွက်တွင် ဈေးနှုန်းတက်ရိပ်ရှိလာ ကြောင်း စုံစမ်းသိရှိရသည်။
Consumer-MT",,,,,,
<urn:uuid:aaf0b81e-97ec-4473-a719-74487a9a751c>,"ကိုဗစ်ကာလ ရခိုင်၌ စစ်ဘေးရှောင် ၃ သောင်းကျော်အထိ တိုးလာ
ကိုဗစ်ကာလ ဖြစ်သော်လည်း ရခိုင်ပြည်နယ်တွင် စစ်ရေး လှုပ်ရှားမှုများ ရှိနေသည့်အတွက် စစ်ဘေးရှောင် ဦးရေ ၃ သောင်းကျော်အထိ တိုးလာနေကြောင်း ရခိုင် တိုင်းရင်းသား မျိုးနွယ်များ အစည်းအရုံး (REC )က အောက်တိုဘာလ ၁ ရက်တွင် ထုတ်ပြန်ထားသည်။
အဆိုပါ စစ်ရှောင်များမှာ ကျောက်တော်၊ ရသေ့တောင်၊ ဘူးသီးတောင် စသည့် မြို့နယ်များမှ ဖြစ်ကြပြီး ကျေးရွာအတွင်း လက်နက်ကြီးကျခြင်း၊ နေအိမ်များ မီးရှို့ခံရခြင်း အပါအဝင် နှစ်ဖက် စစ်ရေးလှုပ်ရှားမှု တို့ကြောင့် ထိုသို့ တိုးလာခြင်း ဖြစ် ကြောင်း REC မှ အတွင်းရေးမှူး ဦးဇော်ဇော်ထွန်းက ပြောသည်။
၎င်းက “အဲဒီလို ဖြစ်ရတာဟာ ကျေးရွာတွေမီးရှို့ခံရမှု၊ ကျေးရွာအတွင်း ဝင်ရောက် စစ်ဆေးမှုတွေ နောက်ပြီး မယူမြစ် ကြောင်း၊ ကုလားတန် မြစ်ကြောင်း တလျှောက်မှာ လက်နက်ကြီးတွေ ပစ်ခတ်ခံရလို့ ဒေသခံတွေ သေဆုံးဒဏ်ရာရမှုတွေ ရှိတယ်။ အဲဒီအတွက်ကြောင့် စစ်ဘေးရှောင် အရေအတွက်က ထပ်တိုးလာတာ ဖြစ်ပါတယ်” ဟု ဧရာဝတီသို့ ဆိုသည်။
ပြီခဲ့သည့် ဇူလိုင်လအတွင်းက REC ၏ စာရင်းအရ ရခိုင်ပြည်နယ်တွင် စစ်ဘေးဒုက္ခသည် ဦးရေ ၁၉၀၇၀၀ ကျော် ရှိခဲ့သော် လည်း လက်ရှိ အချိန်တွင်၂၂၆၈၀၄ ဦးအထိ ရှိလာနေပြီး ကိုဗစ် ဒုတိယလှိုင်း ကာလအတွင်း လူဦးရေ ၃၆၀၀၀ ကျော်အထိ တိုးလာခြင်း ဖြစ်သည်။
လက်ရှိတွင် ကိုဗစ်ရောဂါကြောင့် စားဝတ်နေရေး ကျပ်တည်းပြီး ကျန်းမာရေး စိုးရိမ်နေရသည့် ကာလတွင် စစ်ရေး မျှော်မှန်း ချက်များကို ရပ်တန့်ထားပြီး ပြည်သူများအတွက် စဉ်းစားပေးရန် လိုကြောင်းလည်း ၎င်းက ပြောသည်။
ကိုဗစ်ရောဂါပိုး တနေ့တခြား ကူးစက်နှုန်း မြင့်မားနေသည့်အတွက် ရခိုင်ပြည်နယ် တခုလုံးကို Stay at Home နေထိုင်ကြ ရန် အစိုးရက အမိန့် ထုတ်ပြန်ထားသော်လည်း တပ်မတော်နှင့် ရက္ခိုင် စစ်တပ် (AA) တို့၏ စစ်ရေးလှုပ်ရှားမှုများ ရှိနေပြီး နေ့စဉ်နှင့်အမျှ ဒေသခံများမှာ ဘေးလွတ်ရာသို့ ထွက်ပြေး တိမ်းရှောင်နေကြရသည်။
ပြီးခဲ့သည့် စက်တင်ဘာလ ၁၇ ရက်က ရသေ့တောင်မြို့နယ် ရွှေလောင်းတင် ကျေးရွာအတွင်း လက်နက်ကြီး ကျည်ကျ ရောက်မှုကြောင့် ရွာသားတဦး သေဆုံးပြီး၂ ဦး ဒဏ်ရာ ရရှိခဲ့သည်။ ယင်းကြောင့် ရွှေလောင်းတင် ကျေးရွာသားများမှာ မိမိကျေးရွာအတွင်း မနေရဲတော့ဘဲ ဘေးလွတ်ရာသို့ ထွက်ပြေးနေရပြီး စစ်တွေမြို့ပေါ် အပါအဝင် တခြားသော မြို့နယ် များ သို့လည်း ထွက်ပြေး ခိုလှုံလျက်ရှိသည်။
စစ်တွေမြို့သောဘိတာရာမ ဘုန်းတော်ကြီးကျောင်းသို့ စစ်ဘေးရှောင်ရန် ရောက်ရှိနေသည့် ရွှေလောင်းတင် ကျေးရွာသူ ဒေါ်ခင်ခင်သန်းက “ဒီကာလမှာ ကိုယ့်အိမ်မှာ သားသမီးတွေနဲ့ စုစုရုံးရုံး နေချင်တာပေါ့။ ဒါပေမယ့် အခြေအနေက နေလို့မှ မရတာ။ ကိုရိုနာဗိုင်းရပ်စ်ကို ကြောက်တယ် ဆိုပေမယ့်လည်း လက်နက်ကြီး ကျလာမှာကိုလည်း ကျမတို့ ကြောက်တယ်” ဟု ဆိုသည်။
လက်ရှိ ကိုဗစ်ကာလအတွင်း ကူညီထောက်ပံ့ပေးမည့် အဖွဲ့အစည်းများမှာ လာရောက်မှု နည်းပါးသည့်အတွက် ဒုက္ခသည် တို့မှာ အခက်အခဲမျိုးစုံနှင့် ကြုံတွေ့နေရကြောင်း စစ်ဘေးရှောင်များက ပြောဆိုကြသည်။
ထို့ပြင် စစ်ဘေးရှောင် စခန်းတခုတွင် လူဦးရေ ၁၀၀၀ ကျော်အထိ ရှိနေသည့်အတွက် ၎င်းတို့ စားသောက်ရေး နေထိုင် ရေးတို့အပြင် တဦးနှင့်တဦး နီးကပ်စွာ နေထိုင်ရခြင်းမှာ ကိုဗစ်ကာလ ဖြစ်သည်နှင့်အညီ စိုးရိမ်စရာများလည်း ရှိနေကြ သည်။
ကျောက်တော်မြို့နယ် ပြည်သူ့လွှတ်တော် ကိုယ်စားလှယ် ဦးဦးထွန်းဝင်း က “ကိုဗစ်ရောဂါကို ကာကွယ်ဖို့ ပြုလုပ်ရမှာက ရိုးရိုးရှင်းရှင်း အိမ်မှာနေပါ။ အပြင်ထွက်ရင် Mask တပ်ရမယ်။ တဦးနဲ့ တဦး ၆ ပေ ခြားနေရမယ် ဆိုပြီးတော့ ညွှန်ကြားထား တာက လက်တွေ့မှာကျတော့ ကိုယ့်အိမ်မှာကိုယ် နေလို့မရတဲ့ ရွာလုံးကျွတ် ထွက်ပြေးနေရသူတွေ ရောက်ရှိနေတဲ့ စစ် ဘေးရှောင် စခန်းတွေမှာ ကိုဗစ်ကာကွယ်ရေး လက်တွေ့ ကျင့်သုံးဖို့ မလွယ်ဘူး ဖြစ်နေတယ်” ဟု ပြောသည်။
ဆက်လက်ပြီး ဦးဦးထွန်းဝင်းက လက်နက်ကိုင် အဖွဲ့အစည်းများ အနေဖြင့် ကိုဗစ်ကာလအတွင်း စစ်ရေး လှုပ်ရှားမှုများကို ရပ်နားထားသင့်ကြောင်း ထောက်ပြပြောဆိုသည်။
“ဘယ်အဖွဲ့အစည်းပဲ ဖြစ်ဖြစ် ပြည်သူတွေ ဒုက္ခရောက်နေတဲ့ အချိန်မှာ ဘယ်လောက်အထိ စာနာမှုပေးမလဲ ဆိုတာကို လို လားတယ်။ ကိုဗစ် ကာလမှာ ပြည်သူတွေဘက်ကို မျက်နှာမူဖို့ လိုတယ်” ဟုလည်း ၎င်းက ဆိုသည်။
ရခိုင်ပြည်နယ် မြောက်ပိုင်းမြို့နယ်များတွင် တပ်မတော်နှင့် AA တို့သည်၂၀၁၈ ခုနှစ် နိုဝင်ဘာလကုန်ကတည်းက နှစ်ဖက် တိုက်ပွဲများ ပြင်းထန်စွာ ဖြစ်ပွားနေသည်မှာ ၂ နှစ်ကျော် ကြာမြင့်လာပြီး ဒေသခံပြည်သူများမှာလည်း အသက်လု ထွက် ပြေး နေကြရသည်။
လက်နက်ကြီး၊ လက်နက်ငယ်များ ထိမှန်၍ အရပ်သားများမှာလည်း နေ့စဉ်နှင့်အမျှ သေဆုံး၊ ဒဏ်ရာရရှိမှုနှင့်အတူ အရပ် သားများ ဖမ်းဆီးခံရခြင်း၊ နေအိမ်များ မီးရှို့ခံရမှုလည်း များပြားလာနေသည့်အတွက် အရပ်သား အစိုးရ လက်ထက်တွင် အပြင်းထန်ဆုံးနှင့် ထိခိုက်မှု အများဆုံး တိုက်ပွဲများလည်း ဖြစ်သည်။
You may also like these stories:",,,,,,
<urn:uuid:d5c3b6a4-0ff2-4b24-ad16-a4dbe3ece778>,"ပင်မမီနူးကို ဖွင့်ရန်
ပင်မ
ကျပန်း
အနီးအနား
အကောင့်ဝင်ရန်
အပြင်အဆင်များ
လှူဒါန်းမှု
ဝီကီပီးဒီးယား အကြောင်း
သတိပြုစရာများ
ရှာဖွေရန်
ကဏ္ဍ:၁၃၅၈
ဘာသာစကား
စောင့်ကြည့်ရန်
ပြင်ဆင်
Wikimedia Commons
တွင်
1358
နှင့် ပတ်သက်သော မီဒီယာ ရှိသည်။
ကဏ္ဍခွဲများ
ဤကဏ္ဍတွင် စုစုပေါင်း ၂ ခု အနက်မှ အောက်ပါ ကဏ္ဍခွဲ ၂ ခု ရှိသည်။
၁
၁၃၅၈ ကွယ်လွန်သူများ
(ဘာမှမရှိ)
၁၃၅၈ မွေးဖွားသူများ
(ဘာမှမရှိ)
ကဏ္ဍ ""၁၃၅၈"" မှ စာမျက်နှာများ
ဤကဏ္ဍတွင် အောက်ပါစာမျက်နှာသာ ရှိသည်။
၁
၁၃၅၈
""
https://my.wikipedia.org/w/index.php?title=ကဏ္ဍ:၁၃၅၈&oldid=360879
"" မှ ရယူရန်",,,,,,
<urn:uuid:00ca0d6f-1ed3-48cc-b42d-8470b7fc5d22>,"လူမဲအမျိုးသားကို ပစ်သတ်ခဲ့တဲ့ ရဲအရာရှိကို အမှုကနေ ကင်းလွတ်ခွင့် ပေး
အမေရိကန် ပြည်ထောင်စု မန်နီဆိုးတား ပြည်နယ်မှာ အာဖရိက နွယ်ဖွား အမေရိကန်သား တယောက်ကို ပစ်သတ်ခဲ့တဲ့ ရဲအရာရှိကို တရားစီရင်းရေး အဖွဲ့က အမှုကနေ ကင်းလွတ်ခွင့် ပေးလိုက်ပါတယ်။
မနှစ်တုန်းက အာဖရိကနွယ်ဖွား အမေရိကန်သား Philando Castile ဖီလန်ဒို ကတ်စတိုင်းလ် ဟာ လမ်းစည်းကမ်း ချိုးဖောက်တယ် ဆိုပြီး ရပ်ခိုင်းကာ ရဲက ပစ်သတ်ခဲ့တာ ဖြစ်ပါတယ်။
အခင်းဖြစ်ချိန်မှာ နံဘေးမှာ ရှိတဲ့ မစ္စတာ ကတ်စတိုင်းရဲ့ ရည်းစားက သူ့ရဲ့ နောက်ဆုံး အချိန်ကို ဗွီဒီယိုရိုက်ကူးပြီး ဖေ့စ်ဘွတ်ခ် ပေါ်ကနေ လိုက်ဖ် လွှင့်ခဲ့တာကြောင့် ဒီသတင်းက တကမ္ဘာလုံး ဟိုးလေး တကျော် ဖြစ်သွားခဲ့ပါတယ်။
Jeronimo Yanez ရဲအရာရှိ ဂျရိုနီမို ရနက်ဇ် ဟာ လူသတ်မှု ၊ လူသေစေမှုတွေ နဲ့ အပြစ် မရှိကြောင်း တရားသူကြီးတွေက ဆုံးဖြတ်ခဲ့ကြပါတယ်။",,,,,,
<urn:uuid:5144508f-301f-41df-a78f-446954f45cc6>,"တရုတ်နိုင်ငံက ဘိုက်ဒန့်စ်နည်းပညာကုမ္ပဏီဟာ သူ့ရဲ့ရုပ်သံဗီဒီယို အတိုလေးတွေ မျှဝေ နိုင်တဲ့ တစ်တော့ခ်အပလီကေးရှင်းကို ရောင်းရာမှာ အော်ရကယ်ကော်ပိုရေးရှင်း ဦးဆောင်တဲ့ လုပ်ငန်းစုကို တင်ဒါအောင်သူအဖြစ် ရွေးချယ်လိုက်ပါတယ်။
ပြိုင်ဘက်လေလံဆွဲသူ မိုက်ခရိုဆော့ဖ်ကော်ပိုရေးရှင်းကို အနိုင်ရလိုက်တာလို့ ဒီကိစ္စ နဲ့ နီးကပ်သူကို ကိုးကားပြီး ရိုက်တာသတင်းဌာနက စက်တင်ဘာ ၁၄ ရက်မှာ ဖော်ပြပါတယ်။
တစ်တော့ခ်ကို အမေရိကန်စီးပွားရေးလုပ်ငန်းတွေဆီ မရောင်းရင် အမေရိကန်နိုင်ငံအတွင်း သုံးစွဲခွင့် ပိတ်မယ်လို့ အမေရိကန်သမ္မတ ဒေါ်နယ်ထရမ့်က အရင်လက ခြိမ်းခြောက်ခဲ့တာပါ။
အဲဒီနောက် ဘိုက်ဒန့်စ်ဟာ ဝယ်မယ့် အလားအလာရှိသူတွေဆီမှာ တစ်တော့ခ် အပလီ ကေးရှင်းကို ရောင်းဖို့ ဆွေးနွေးခဲ့ပါတယ်။
အခု အရောင်းအဝယ်ဖြစ်ဖို့ကိုလည်း ဘိုက်ဒန့်စ်ဟာ အမေရိကန်နဲ့တရုတ်အစိုးရ ၂ရပ်လုံး ဆီက အတည်ပြုချက်ရဖို့ လိုပါတယ်။
အမေရိကန်နိုင်ငံအတွင်း တစ်တော့ခ်ရဲ့ လုပ်ငန်းလည်ပတ်မှုကို မိုက်ခရိုဆော့ဖ်ကို ရောင်းမှာ မဟုတ်တဲ့အကြောင်း ဘိုက်ဒန့်စ်က အကြောင်းကြားခဲ့တယ်လို့ မိုက်ခရိုဆော့ဖ်က စက်တင်ဘာ ၁၃ ရက် အစောပိုင်းမှာ ပြောခဲ့ပါတယ်။
1 year Ago",,,,,,
<urn:uuid:3689eef3-f94a-47f3-8b81-42ccb6fe464e>,"အားနပ်စ် ရူသာဖို့ဒ်
အားနပ်စ် ရူသာဖို့ဒ် Ernest Rutherford, 1st Baron Rutherford of Nelson, OM, PC, FRS (30 August 1871 – 19 October 1937) သည် နယူးဇီလန် သိပ္ပံပညာရှင် ဖြစ်ပြီး သူ့အလုပ်ဖြစ်သော နူကလီးယား ရူပဗေဒ နှင့် အက်တမ် ဖွဲ့စည်းပုံ သီအိုရီ အတွက် ၁၉၀၈ ခုနှစ် ဓာတုဗေဒ ဆိုင်ရာ နိုဘယ်ဆု ကို ရရှိခဲ့သူ ဖြစ်သည်။
ရူသာဖို့ဒ် သည် ပထမဆုံးသော နူကလီယား ရူပဗေဒ သုတေသီ ဖြစ်သည်။ သူသည် အယ်လ်ဖာ၊ ဘီတာ နှင့် ဂမ်မာ ဟုခေါ်သော ရေဒီယိုသတ္တိကြွခြင်း အပိုင်း သုံးခု ကို ရှာတွေ့ခဲ့သည်။ အယ်လ်ဖာအမှုန်များသည် ဟီလီယမ် နူကလီအိုင် ဖြစ်သည်ကိုလည်း ရှာတွေ့ခဲ့သည်။ သူ၏ ဂိုင်ဂါ−မားစ်ဒမ် စမ်းသပ်မှု ကြောင့် ယနေ့သိရှိနေကြသော နူကလီးယပ်စ် နှင့် အီလက်ထရွန် တို့ ပေါင်းစပ်ထားသော အက်တမ် ဖွဲ့စည်းပုံ ကို ဆက်လက်လေ့လာနိုင်ကြခြင်းပင် ဖြစ်သည်။
ရူသာဖို့ဒ် သည် ကဗမ်းဒစ်ရှ် (Cavendish) ဓါတ်ခွဲခန်း ကို ဦးဆောင်သူဖြစ်သည်။ ပရိုတွန် နှင့် နူထရွန် ပေါင်းစပ်ထားသော နူကလီးယပ်စ် တည်ရှိကြောင်းကို သက်သေပြနိုင်ခဲ့သည်။ ၁၉၃၂ ခုတွင် ထို ကဗမ်းဒစ်ရှ် ဓါတ်ခွဲခန်း တွင် ဂျိမ်းစ် ချဒွစ် ပြုလုပ်သော စမ်းသပ်မှုသည် ရူသာဖို့ဒ် မှန်ကြောင်း သက်သေပြနိုင်ခဲ့သည်။
နယူးဇီလန် အုတ်ကလန် ရှိ ရူသာဖို့ဒ် ကောလိပ် ကို သူ့ကို ဂုဏ်ပြုသော အားဖြင့် မှည့်ခေါ်ထားခြင်းဖြစ်သည်။
ရားသားဖို့၊ ဆာ အားနက် (ခရစ် ၁၈၇၁-၁၉၃၇)[ပြင်ဆင်ရန်]
ဗြိတိသျှလူမျိုး ရူပဗေဒပညာကျော်အား နက်ရားသားဖို့ သည် ၁၈၇၁ ခုနှစ် ဩဂုတ်လ ၃ဝ ရက်နေ့တွင် နယူးဇီလန် နိုင်ငံ၌ ဖွားမြင်၍ ထိုနိုင်ငံ၌ပင် ပညာသင်ကြားခဲ့ပြီးနောက် ကိမ်းဗရစ်သို့ ၁၈၉၄ ခုနှစ်တွင် ရောက်လာပြီးလျှင်၊ ဂျေ၊ ဂျေ၊ သွန်မဆင်နှင့် နှစ်နှစ်တိုင် အလုပ်လုပ်ခဲ့သည်။ ထိုသို့ အလုပ် လုပ်ခဲ့သည့်အတွက် ကနေဒါနိုင်ငံ မွန်းထရီးအောမြို့ရှိ မဂ္ဂီး တက္ကသိုလ်တွင် ရူပဗေဒပါမောက္ခရာထူးကို ရရှိခဲ့လေသည်။
ထိုတက္ကသိုလ်၌ ဖရ်ကဒရစ်ဆော့ဒီးနှင့်တွေ့၍ အတူတူ မကြာ ခဏ အလုပ်လုပ်ကိုင်လာခဲ့ကြရာတွင် ရေဒီယိုသတ္တိရှိသော ဒြပ်စင်တို့၏ တစ်ခုနှင့်တစ်ခု အဆက်အသွယ်ရှိပုံကို စုံစမ်းကြ လေသည်။ထိုသို့စုံစမ်းခဲ့သောကြောင့် အက်တမ်ထဲတွင် စွမ်းအင် အမြောက်အမြား ရှိမည်ဟု ရားသားဖို့ ထင်မြင်နိုင်ခဲ့ခြင်း ဖြစ် လေသည်။ မန်ချက်စတာတက္ကသိုလ်၌ ရူပဗေဒပါမောက္ခအဖြစ် နှင့် လေးနှစ် တိုင်တိုင် လုပ်ကိုင်ခဲ့ပြီးနောက် ၁၉၁၁ ခုနှစ်တွင် အက်တမ်ခန္ဓာအိမ် ဆောက်တည်ပုံအဆိုကို ထုတ်ဖော် ကျေညာ ခဲ့လေသည်။ ထိုမှတစ်ဆင့် ဒြဗ်၏ခန္ဓာအိမ်တွင် လျှပ်စစ်ဓာတ် သဘော သက်ဝင်လျက်ရှိသည်ကို ပြခဲ့လေသည်။ ၁၉၁၉ ခုနှစ် တွင် ကိမ်းဗရစ်တက္ကသိုလ်က ဗင်းဒစ်ဓာတ်စမ်းဌာန၌ ရူပဗေဒ ဆိုင်ရာ လက်တွေ့ စမ်းသပ်မှု ပါမောက္ခအဖြစ်ဖြင့် ဆောင်ရွက် လေသည်။ ယင်းသို့ ဆောင်ရွက်နေစဉ် ဒြဗ်စင်တို့၏ သဘာဝ ပြောင်းလဲမှုကို အချိန်များစွာ အကုန်ခံ၍ လက်တွေ့နည်းဖြင့် ပြုလုပ်ကြည့်လေသည်။ ဤသို့ လက်တွေ့ စမ်းသပ်ခဲ့ရာမှ အက်တမ်၏နျူကလိယတ်၌ အက်တမ်မှာကဲ့သို့ ရှုတ်ထွေးသော ခန္ဓာအိမ်ရှိသည်ဟု ထင်မြင် ယူဆခဲ့လေသည်။ ရားသားဖို့သည် ၁၉ဝ၈ ခုနှစ်တွင် ဓာတုဗေဒပညာရပ်အတွက် နိုဗဲဆုကို ရခဲ့ပြီး နောက်၊ ၁၉၁၄ ခုနှစ်တွင် ဆာဘွဲ့ကို ရရှိခဲ့သည်။ ၁၉၂၅ ခုနှစ် တွင် အော်ဒါအော့မဲရစ်ဘွဲ့ထူးဖြင့် ခြီးမြှင့်ခြင်းကို ခံရပြီးနောက် ၁၉၂၁ ခုနှစ်တွင် လော့ဘွဲ့ထူးဖြင့် တိုးတက်ခြီးမြှင့်ခြင်းကို ခံရ ပြန်သည်။
ရားသားဖို့သည် ကမ္ဘာကျော် ရူပဗေဒပညာကျော်တစ်ဦး ဖြစ်သည်။ ၁၉၃၇ ခုနှစ် အောက်တိုဘာလ ၁၉ ရက်နေ့တွင် ကွယ်လွန်သောအခါ သိပ္ပံပညာလောကကြီးတွင် ဆုံးရှုံးခြင်းကြီး တစ်ရပ် ဖြစ်ရလေသည်။ ရေဒီယမ်ရောင်ခြည်တို့ကို သတ္တုချကြည့်သော သုတေသန လုပ်ငန်းများကြောင့် ထိုပုဂ္ဂိုလ်သည် ကမ္ဘာကျော် သိပ္ပံပညာရှင်ကြီးတစ်ဦး ဖြစ်လာရလေသည်။ ထို့ပြင် အက်တမ်၏ နျူကလိယတ် ဆောက်တည်ပုံနှင့် ဒြဗ် တို့၏ လျှပ်စစ်ဓာတ်သဘော သက်ဝင်ပုံတို့ကို ရှင်းလင်းဖော်ပြ နိုင်သောကြောင့်လည်း အထူးကျော်ကြားခဲ့လေသည်။ [၁]
အခြားလင့်ခ်များ[ပြင်ဆင်ရန်]
|Wikimedia Commons has media related to: Ernest Rutherford|
- The Rutherford Museum
- Rutherford Scientist Supreme
- Ernest Rutherford @ nobel.se
- ""Ernest Rutherford 1871 - 1937"". A Science Odyesy, pbs.org.
- မြန်မာ့စွယ်စုံကျမ်း၊ အတွဲ(၁၁)",,,,,,
<urn:uuid:2bbc7b34-6e0e-4e9a-8bf1-6fc732bcd963>,"ခုတလောမှာ လူမှုကွန်ယက်တွေပေါ်ကို ပြည်သူချစ်အနုပညာရှင်များရဲ့ အိမ်တွေကိုပြင်ဆင်ပေးခဲ့ကြတဲ့ ပညာရှင်များက
သူတို့ပြင်ဆင်ပြီးတဲ့ အိမ်တွင်းပုံလေးတွေကိုပရိတ်သတ်တွေကြည့်နိုင်အောင် တင်ပေးလာကြပါတယ် ။
ဟိုတလောကတော့ စိုင်းစိုင်းရဲ့ အိမ်တွင်းက အလှဆင်ထားမှုတွေကို မြင်တွေ့ခဲ့ ပြီးတဲ့နောက်မှာတော့
ဒီတစ်ခါ မဖြူ လို့ ချစ်စနိုးခေါ်ကြတဲ့ ဖြူဖြူကျော်သိန်းအလှည့်ပါ ။ ဖြူဖြူကျော်သိန်းရဲ့ ကွန်ဒိုတိုက်ခန်းလေးကို အဖြူရောင်လေးတွေနဲ့ အလှဆင်ပေးထားတဲ့ Lwin Minn Thant ဆိုတဲ့အကောင့်ပိုင်ရှင်က သူနှစ်သက်တဲ့ အနုပညာရှင်တဲ့ တိုက်ခန်းလေးကို စိတ်ကြိုက်ပြင်ဆင်ပေးခဲ့ရတဲ့အတွက် ဝမ်းသာစွာနဲ့ သူရဲ့ လက်ရာလေးတွေကို မျှဝေခဲ့တာပဲဖြစ်ပါတယ် ။ ဖြူဖြူရဲ့ အိမ်အဖြူလေးကိုကြည့်ကြရအောင်နော် ...
သတင်းအရင်းမြစ် : Lwin Minn Thant
""Myanmarload's content is copyrighted and only allowed to appear on Myanmarload website. Please respect our copyrights""
Myanmarload မှရေးသားသောသတင်းများသည် Myanmarload၏ မူပိုင်သတင်းများဖြစ်ပြီး Myanmarload Website ထဲတွင်သာ ဖတ်ရှုနိုင်ပါသည်။ ကျွန်ုပ်တို့၏ မူပိုင်ခွင့်ကိုလေးစားသောအားဖြင့် တစ်ဆင့်ကူးယူဖော်ပြခြင်းမပြုရန် မေတ္တာရပ်ခံအပ်ပါသည်။",,,,,,
<urn:uuid:495a04da-858f-4335-8bd6-4c2eddee8668>,"အတ္တလန်တစ်မြို့တော်
အတ္တလန်တစ်မြို့တော် (in Greek, Ἀτλαντὶς νῆσος, ""island of Atlas"") သည် ၃၆၀ ဘီစီ အတွင်းပြောကြားခဲ့သော ပလေတို၏ စကားများဖြစ်သော တင်မေရပ်စ် နှင့် ကရီတီရပ်စ်တို့မှ ဒဏ္ဏာရီဝင် ကျွန်းတစ်ခုဖြစ်သည်။ ပလေတို၏ ပြောကြားချက်အရ အတ္တလန်တစ်မြို့တော်သည် ဆော်လမွန်ခေတ် လွန်ခဲ့သော နှစ် ၉၀၀၀ ခန့်က အတိအကျအားဖြင့် ၉၆၀၀ဘီစီတွင် ဥရောပအနောက်ဘက်အခြမ်းနှင့် အာဖရိကအနောက်ဖက် အခြမ်း ဟာကျူလီ ထောက်တံ (Pillar of Harcules) ၏ အရှေ့တွင် တည်ရှိခဲ့သည်။ အေသင်မြို့ကို သိမ်းပိုက်ရန် ကြိုးပမ်းမှု ကျဆုံးပြီးချိန်တွင် အတ္တလန်တစ်မြို့တော်သည် ‘‘ကံကြမ္ဘာဆိုး၏ နေ့နှင့်ည’’ ပင်လယ်ထဲသို့ နစ်မြုပ်သွားခဲ့သည်။
ပညာရှင်များသည် ပလေတို၏ ပုံပြင်ကို ရှေးဟောင်း ရိုးရာများတွင် အဓိကပါဝင်နေမှုကို လက်မခံပေ။ ကရီတီရပ်စ်ထဲတွင် ပလေတိုသည် ရှေးဟောင်း အေသင်လူမျိုးများနှင့် အတ္တလန်တစ်မြို့တော်သားတို့သည် အေသင်လူမျိုး ထိပ်တန်း ဥပဒေရေးဆွဲသူ ဆိုလွန် အီဂျစ်သို့ ခရီးထွက်လာရောက်ခြင်းကို တားမြစ်ခဲ့သည် ဟုပြောကြားခဲ့သည်။ အီဂျစ်တွင် ဆိုလွန်သည် အေသင်မြို့နှင့် အတ္တလန်တစ်မြို့တော်တို့၏ သမိုင်းကို ဂရိဘာသာသို့ ဘာသာပြန်ခဲ့သော ဆိုင်းရပ်စ်မြို့၏ ဖာသာနှင့် တွေ့ရှိခဲ့သည်။
ဒဏ္ဍာရီဝင် အတ္တလန်တစ်မြို့တော်ရှိခဲ့သည်ဟု ဖြစ်နိုင်ခြေကို ဆွေးနွေးမှုများစွာပြုလုပ်ခဲ့သော်လည်း များသောအားဖြင့် နောက်ပိုင်း စာရေးဆရာများက လက်မခံခဲ့ပေ။ အလန်ကမ်မရွန်က ‘‘အရင်တုန်းကလူတွေကသာ အတ္တလန်တစ်မြို့တော် အကြောင်းကို အလေးထားကြတာပါ။ ခုနောက်ပိုင်းတော့ ဘယ်သူမှ သိပ်အလေးမထားတော့ဘူး’’ဟု ရေးသားခဲ့သည်။",,,,,,
<urn:uuid:0038b781-d3df-42b1-8e5a-bc36ddebd34e>,နောက်ခံအရောင် ခပ်ဖျော့ဖျော့မှာ အဖြူရောင်ကီမိုနို လွှမ်းခြုံထားတဲ့ အမျိုးသမီးတစ်ဦးရဲ့ ပုံရိပ်က ကြွကြွရွရွလေး ဖြစ်နေပါတယ်။ ချောမောလှပသူတစ်ဦးဖြစ်ပေမဲ့လည်း သူရဲ့မျက်လုံးတွေက အသက်မဲ့နေသလိုပါပဲ။ ကျောချမ်းနေသလိုလို တစ်ခုခု ကြောက်ရွံ့နေတာ ရှိနေပါတယ်။ ဒီပန်းချီကားကို ပန်းချီဆရာမ Uemura Shoen က ၁၉၁၈ခုနှစ်မှာ ရေးဆွဲခဲ့တာဖြစ်ပြီး မီးလျှံလို့ အဓိပ္ပါယ်ရတဲ့ (Honoo) ဆိုပြီး နာမည်ပေးထားပါတယ်။ ဒီပန်းချီကားက ကြည်လင်တောက်ပတဲ့ အရောင်စပ်ဟပ်မှုနဲ့ သွယ်ပျောင်းလှပတဲ့ မိန်းမချောလေးရဲ့ ပုံကိုရေးဆွဲလေ့ရှိတဲ့ Uemura Shoen ရဲ့ တမူထူးခြားတဲ့ လက်ရာတစ်ချပ်ပါ။,,,,,,
<urn:uuid:7c775be2-fa05-4957-a93a-38bb5c38099b>,ချစ်စရာလေး မျက်မှန်လေးနဲ့ထန်နေတာ 0 views Download Video ချစ်စရာလေး မျက်မှန်လေးနဲ့ထန်နေတာ sarbaegyi အောကား မြန်မာအောကားများ Myanmar solo အထန်လေးများ drkogyi.com myanmar solo sarbaegyi solo hd မျက်မှန်နဲ့စော်လေး အသံနဲ့အောကား Related videos HD 1605 02:54 စော်ချောချောလေးရဲ့ စပလှလှလေး HD 703 03:25 နို့အကိက်ကြီး HD 767 01:55 သွားတိုက်တံထည့်တဲ့စော် HD 5945 03:29 ရွာကအသန့်လေး ထန်ပြီလေ HD 3827 01:56 နို့ကိက်ပြီး စဖုတ်ရဲရဲလေး HD 5479 06:33 လီးတုနဲ့ကောင်းနေတဲ့ စော်လေး HD 2964 01:42 စော်လေးစောက်ဖုတ်ပွတ်ပြီး အရမ်းဖီးတက် HD 2779 01:08 နို့ကြီးကတော်တော်ကြီးတာပဲ Show more related videos,,,,,,
<urn:uuid:a6c3f0e9-65d5-400a-872f-095a27cdce0b>,"တန်ဖိုးငယ် ငွေစက္ကူများ သိမ်းမည့်သတင်း မမှန်ဟု ဗဟိုဘဏ် ကြေညာ
This article has been converted from Zawgyi One to Unicode
ပြင်ပ၌ ဖြစ်ပေါ်နေသည့် ၅ ၊ ၁၀ ၊ ၂၀ ၊ ၅၀ ကျပ်တန် တန်ဖိုးငယ် ငွေစက္ကူများ(Small Notes) ပြန်လည် ရုပ်သိမ်းမည်ဟူသော ကော လာဟလများ မဟုတ်မှန်ကြောင်း မြန်မာနိုင်ငံတော် ဗဟိုဘဏ်က အစိုးရ သတင်းစာများမှ တဆင့် ထုတ်ပြန် ကြေညာသည်။ ထို့အပြင် တရားမဝင် ကြေညာထားပြီးသော ငွေ စက္ကူများမှအပ ထုတ်ဝေထားပြီး ဖြစ်သည့် တစ်ကျပ် တန် မှ ကျပ် တသောင်းတန် အထိ ငွေစက္ကူ အားလုံး တရားဝင် သုံးစွဲနိုင်ကြောင်းလည်း ပါရှိသည်။",,,,,,
<urn:uuid:0970d4cc-2739-4945-8db0-546a541753d0>,"ဒူဘိုင္း သဲကႏၱာရအတြင္းမွ သဲထိပ္ရင္ဖို အေတြ႕အၾကံဳမ်ား
သဲကႏၱာရ ဟင္းလင္းျပင္မွ တိုက္တာအေဆာက္အအံု ထိုးထိုးေထာင္ ေထာင္အျဖစ္သို႔ ေျပာင္းလဲလာခဲ့ေသာ ဒူဘိုင္းၿမိဳ႕သို႔ အလည္သြားမည္ဆိုလွ်င္ ေခတ္မီတိုက္တာ အေဆာက္အအံုမ်ားကို ေလ့လာသလို ဒူဘိုင္း၏ အႏွစ္သာရျဖစ္သည့္ သဲကႏၱာရကိုလည္း ခ်န္ထား၍ မရႏုိင္ပါ။ ထို႔ေၾကာင့္ ကၽြန္မတို႔ မိသားစု ယခုႏွစ္္ သႀကၤန္ ရံုးပိတ္ရက္၌္ ယူေအအီးႏုိင္ငံသို႔ အလည္သြားသည့္အခါမွာလည္း ဒူဘိုင္းသဲကႏၱာရသို႔ မျဖစ္မေနသြားေရာက္ ခဲ့ပါသည္။
Dubai Desert Safari Tour (ဒူဘိုင္းသဲကႏၱာရခရီးစဥ္)တြင္ အသံုးျပဳေသာယာဥ္မ်ားမွာ Land Cruiser မ်ားျဖစ္ ၍ ခရီးသည္မ်ားရွိရာ ဒူဘိုင္းၿမိဳ႕၏ မည္သည့္ေနရာမဆို လာႀကိဳသည္။ သဲကႏၱာရတြင္း သဲေတာင္ပို႔မ်ားကို ျဖတ္ ေက်ာ္၍ ေမာင္းႏွင္ရမည္ျဖစ္ရာ ကၽြမ္းက်င္ေသာ ကားေမာင္းသမားမ်ားႏွင့္ သဲမွာ ႐ုန္းထြက္ႏိုင္ရမည့္ကားမ်ား ျဖစ္ရန္လိုသျဖင့္ ခရီးစဥ္၌ ကႏၱာရတြင္းေမာင္းသည့္ ကားမ်ားျဖင့္ ဟိုတယ္သို႔ အႀကိဳအပို႔အစီအစဥ္ထည့္သြင္း ထားျခင္းျဖစ္သည္။ သဲကႏၱာရတြင္း ေမာင္းသည့္သူမွာ ကားေမာင္းကၽြမ္းက်င္သူျဖစ္ဖို႔ မည္မွ်အေရးႀကီးမွန္း သဲကႏၱာရအတြင္း ခရီးစတင္လိုက္သည့္အခါမွာ သိလုိက္ရသည္။ ေျမျပန္႔ မဟုတ္ဘဲ သဲမ်ားေတာင္ပို႔ကဲ့သို႔ အပံုလုိက္ျဖစ္ေနသည့္ သဲကႏၱာရထဲ ေတာင္တက္ ေတာင္ဆင္းရသလို သဲထဲ ဘီးကၽြန္မေနဖို႔လည္း ဂ႐ုစိုက္ရပါ ေသးသည္။ သည္ၾကားထဲ ကားေမာင္းသမားမ်ားသည္ ခရီးသည္မ်ား စိတ္လႈပ္ရွားေအာင္ တမင္တကာ သဲ ေတာင္ပူစာမ်ားေပၚသို႔ ေ၀့ကာ၀ိုက္ကာ ေမာင္းျပၾကသည္။ သဲေတာင္ ထိပ္အျမင့္တစ္ေနရာမွာ ခဏရပ္ၿပီး ေနာက္ တစ္ရွိန္ထိုးဆင္းျခင္း၊ ကားတစ္ျခမ္းေစာင္းကာ သဲမႈန္မ်ားလြင့္စင္သည္အထိ ေတာင္ေစာင္းတစ္ ေလ်ာက္ ေမာင္းျခင္း စသျဖင့္ အစြမ္းျပၾက၏။
ဒူဘိုင္းသဲကႏၱာရခရီးစဥ္၌ ဤသို႔ Dune Driving ဟုေခၚသည့္ သဲေတာင္ပူစာေပၚ၌ ကားေမာင္းျခင္းကို သဲကႏၱာရျဖတ္ကာ မိနစ္ ၂၀-၃၀ ၾကာျပဳလုပ္ၿပီးေနာက္ ကႏၱာရတြင္း တည္ေဆာက္ထားသည့္ ရြက္ဖ်င္တဲစခန္းသို႔ ညစာစားရန္ ပို႔ေဆာင္ေပးသည္။ ရြက္ဖ်င္တဲစခန္း ၀န္းက်င္၌ ကႏၱာရတြင္းသစ္ကုလားအုတ္စီးျခင္း၊သဲေလွ်ာစီးျခင္း၊သဲေပၚရွပ္ ယာဥ္စီးျခင္းမ်ားျပဳလုပ္ႏုိင္သလို ကႏၱရအတြင္း ေန၀င္ခ်ိန္ကိုေစာင့္၍လည္း ဓာတ္ပံုအ႐ိုက္ခံႏိုင္ပါသည္။
ညစာစားရာ စခန္းသည္အ၀ိုင္းပံုျဖစ္၍ ေကာင္းကင္က ၾကယ္မ်ား ျမင္ႏိုင္ေအာင္ အမိုးမပါရွိပါ။ အလယ္၌ ေဖ်ာ္ေျဖေရးစင္ျမင့္အ၀ိုင္းရွိ၍ စင္ျမင့္ပတ္လည္၌ စားပြဲပု ေလးမ်ားႏွင့္ ဖင္ထိုင္ေခါင္းအံုးမ်ားအစီအရီခ်ထား၏။ ညစာ မစားမီ စခန္းပတ္လည္ရွိ ရြက္ဖ်င္တဲမ်ား၌ ဒန္း ေဆးဆိုးျခင္း၊ အာရပ္ရိုးရာအ၀တ္အစားမ်ား၀တ္ကာ ဓာတ္ပံု႐ိုက္ျခင္း၊ အာရပ္လူမ်ဳိးမ်ား၏ဓေလ့ Shisha ဟု ေခၚသည့္ အေမႊးေရေငြ႕မ်ားကို ပိုက္ျဖင့္႐ွဴျခင္းစသျဖင့္ ႏွစ္သက္ရာျပဳလုပ္ႏိုင္၏။ ညစာမာွ အာရပ္ ရိုးရာ အကင္ ကို ဘူေဖးစနစ္ျဖင့္ သံုးေဆာင္ရၿပီး ညစာစားေသာက္ ေနစဥအ္တငြး္ ႀနူူပ ီေညခနမ မ်ားက ဗကုိလ္ပႈအ္ကျဖင ့္ေဖ်ာေ္ျဖျခငး္ ဂါ၀နက္ား ကားႀကီးကို အဆက္မျပတ္ လွည့္ကာလွည့္ကာ ကျပေဖ်ာ္ေျဖျခင္း အပါအ၀င္ အျခားေဖ်ာ္ေျဖေရးမ်ားျဖင့္ ကျပေဖ်ာ္ေျဖခဲ့ၾက၏။ ည ၉ နာရီေက်ာ္ေလာက္ အား လးုံစားၿပးီေသာကၿ္ပးီသည ့္အခ်နိ၌္ ခရးီစဥၿ္ပးီဆးုံ၍ ဟတုိယသ္ ႔ုိျပနပ္ေ႔ုိပးပါသည။္ အကယ္၍ ကႏ္ၲာရအတြင္း ညအိပ္ လိုလွ်င္ ရြက္ဖ်င္တဲမ်ား၌ညအိပ္ႏိုင္ရန္ စစီဥေ္ပးၿပးီ၊ ညေနဘကမ္အားလပ ္သမူ်ားအတကြ ္မနကဘ္ကတ္ငြက္ႏာ္ၲရ တငြး္ ေတာင္ပူစာေပၚကားေမာင္းျခင္း အစီအစဥ္ကိုပါ ေရြးခ်ယ္ႏိုင္ပါသည္။
ဤကဲ့သို႔ စတိလ္ပႈရ္ာွးမအႈျပည ့္ေပးစမြး္ ႏငုိေ္သာ သေဲတာငပ္စူာျဖတက္ာ ကားေမာငး္ျခငး္၊ သကဲႏာ္ၲရတငြး္ သစက္လုားအတုစ္းီျခငး္၊ ဗကုိလ္ပႈက္ေခ်သညမ္်ား၏ အကအလွ ကို႐ႈစားကာ သဲကႏ္ၲာရစခန္း၌ အာရပ္႐ိုးရာညစာစားျခင္းတို႔ ပါ၀င္ေသာ ဤ ခရီးစဥ္သည္ စိတ္ေက်နပ္မႈအျပည့္ေပးစြမ္းႏိုင္သည့္ အေတြ႕အႀကံဳသစ္မ်ားရရွိ ေစေသာေၾကာင့္ ယူေအအီးႏိုင္ငံသို႔ အလည္သြားသူတိုင္း မျဖစ္မေနသြားသင့္ သည့္ခရီးစဥ္ဟု ၫႊန္းဆိုလိုက္ခ်င္ပါေတာ့သည္။
ေဒါက္တာႏုျမတ္",,,,,,
<urn:uuid:bf9e8f82-30de-47de-99a6-4e29b6b88054>,"မီးလင်းရေးကော်မတီများအား ဝန်ခံကတိပြု၍ လိုက်နာဆောင်ရွက်ရန် အချက် (၁၂)ချက်
၁။ ဓာတ်အားလိုင်းတိုင်များသည် အောက်ပါအတိုင်း သတ်မှတ်ထားသော ကွန်ကရစ်တိုင်များ ဖြစ်ရမည်-
(က) 33 kV Line အတွက် အရည်အသွေးပြည့်မီသော 12 M ကွန်ကရစ်တိုင်။
(ခ) 11 kV Line အတွက် အရည်အသွေးပြည့်မီသော 10 M ကွန်ကရစ်တိုင်။
(ဂ) 400 V Line အတွက် အရည်အသွေးပြည့်မီသော 9 M ကွန်ကရစ်တိုင်။
၂။ ဓာတ်အားလိုင်းကြိုးများသည် အောက်ပါအတိုင်းသတ်မှတ်ထားသည့် လိုင်းကြိုးများဖြစ်ရမည်-
(က) လျှပ်စစ်နှင့်စွမ်းအင်ဝန်ကြီးဌာနပိုင် ၃၃ ကေဗွီ ဓာတ်အားလိုင်းမှ ဓာတ်အားရယူပါက ACSR 120 mm2 (သို့မဟုတ်) 150 mm2 ကြိုးကို အသုံးပြုရမည်။
(ခ) လျှပ်စစ်နှင့်စွမ်းအင်ဝန်ကြီးဌာနပိုင် ၁၁ ကေဗွီ ဓာတ်အားလိုင်းမှ ဓာတ်အားရယူပါက ACSR 95 mm2 ကြိုးကို အသုံးပြုရမည်။
(ဂ) ကျေးရွာအတွင်း ၄၀၀ ဗို့လိုင်းများ တည်ဆောက်မှုကို ဓာတ်အားပျောက်ဆုံးမှု လျော့ နည်းရေးနှင့် လျှပ်စစ်အန္တရာယ်ကင်းရှင်းရေးအတွက် အောက်ပါသတ်မှတ်ချက်အတိုင်း ဆောင်ရွက်သွားရမည်။
- ၃ သွင် ၅ ကြိုး ၄၀၀ ဗို့ လိုင်းအတွက် လျှပ်ကာပစ္စည်းမပါသော ကြေးကြိုး (HDBC Wire) No.4(သို့မဟုတ်) ABC Cable 95mm2
- ၂ သွင် ၃ ကြိုး ၄၀၀ ဗို့ လိုင်းအတွက် လျှပ်ကာပစ္စည်းမပါသော ကြေးကြိုး (HDBC Wire) No.6 (သို့မဟုတ်)လျှပ်ကာပါဝါယာ (Insulated Wire) 50 mm2
- ၁ သွင် ၂ ကြိုး ၂၃၀ ဗို့ လိုင်းအတွက် လျှပ်ကာပစ္စည်းမပါသော ကြေးကြိုး (HDBC Wire) No.6(သို့မဟုတ်) လျှပ်ကာပါဝါယာ (Insulated Wire) 50 mm2
- လမ်းမီးကြိုးကို HDBC Wire No.8(သို့မဟုတ်) လျှပ်ကာပါဝါယာ(Insulated Wire) 35 mm2
၃။ သတ်မှတ်သံလက်တန်းနှင့် သတ်မှတ်အဆင့်မီ ကြွေသီးဖြစ်ရမည်။ (၃၃ ကေဗွီလိုင်းများ၌ နှစ်ဆင့်ကြွေသီးများမသုံးရ။)
၄။ သတ်မှတ်ပုံစံအတိုင်း လျှပ်စစ်နှင့်စွမ်းအင်ဝန်ကြီးဌာနက သတ်မှတ်ခွင့်ပြုပေးထားသော ပြည်တွင်းလုပ် အဆင့်မီထရန်စဖော်မာကို အသုံးပြုရမည်။ နိုင်ငံခြားမှ တင်သွင်းသော ထရန် စဖော်မာကိုအသုံးပြုပါက လျှပ်စစ်နှင့်စွမ်းအင်ဝန်ကြီးဌာန၏ အရည်အသွေးစစ်ဆေးမှု ခံယူ ရမည်။ မီးကြိုး၊ မီးခလုတ်၊ မီးငုတ်များကို နီ၊ ဝါ၊ ပြာ (Red, Yellow, Blue) အရောင် မှန်ကန်စွာ အသုံးပြုရမည်၊ အခြားအရောင် လုံးဝမသုံးရ။ ထရန်စဖော်မာခွဲရုံငယ်အား သတ်မှတ်ထားသောပုံစံအတိုင်းတည်ဆောက်ပြီး ၂ တိုင်စင်ဖြင့်တည်ဆောက်၍ တိုင်ပတ်လည် အမြင့် ၅ပေ သံဇကာဖြင့် ကာရန်ကာ အင်္ဂတေကြမ်းခင်းလောင်းထားရမည်။
၅။ လမ်းမီးများ ထည့်သွင်းဆောင်ရွက်ရမည်ဖြစ်ပြီး လမ်းမီးခ ကျခံရပါမည်။
၆။ ဓာတ်အားပျောက်ဆုံးမှု လျော့နည်းရေးအတွက် သတ်မှတ်ချက်များအတိုင်း ကျေးရွာမှ ဆောင်ရွက်ရပါမည်။ ကျေးရွာအတွင်း ဓာတ်အားပျောက်ဆုံးမှု ၁၀%ကို ဌာနကကျခံပေးမည်။ ၁၀% ထက်ကျော်လွန်သော ဓာတ်အားပျောက်ဆုံးမှုကို ကျေးရွာမီးလင်းရေးကော်မတီက ကျခံ ရမည်။
၇။ ဓာတ်တိုင်၏ အောက်ခြေတွင် သတ်မှတ်စံချိန်စံညွှန်းနှင့် ကိုက်ညီသော အုတ်ဖိနပ် (Footing) ကို (၂ပေx ၂ပေx၂.၅ ပေအမြင့်) တည်ဆောက်ရမည်ဖြစ်ပြီး မြေပေါ်တွင် ၆ လက်မ၊ မြေအောက်တွင် ၂ ပေထားရမည်။
၈။ ဓာတ်အားလိုင်းတစ်လျှောက်နှင့် ဓာတ်တိုင်ပတ်ဝန်းကျင် သတ်မှတ်အကွာအဝေးများအတိုင်း သစ်ပင်ခြုံနွယ်များကို အပြောင်ရှင်းရမည်-
(က) 11 kV လိုင်းတွင် ဗဟိုမှ လက်ဝဲ ၁၀ ပေ လင်္ကျာဘက် ၁၀ပေ စုစုပေါင်း ၂၀ပေ အပြောင်ရှင်းရန်။
(ခ) 400 Vလိုင်းတွင် ဗဟိုမှ လက်ဝဲ ၅ပေ လင်္ကျာဘက် ၅ပေ စုစုပေါင်း ၁၀ပေ အပြောင်ရှင်းရန်။
၉။ ကိုယ့်အားကိုယ်ကိုး တည်ဆောက်ထားသော ဓာတ်အားဖြန့်ဖြူးရေး ထရန်စဖော်မာများနှင့် ကျေးရွာအတွင်း သွယ်တန်းထားသော ၄၀၀ ဗို့ဓာတ်အားလိုင်းများ၏ ထိန်းသိမ်းပြုပြင်ခြင်းကို သက်ဆိုင်ရာကျေးရွာမီးလင်းရေးကော်မတီက ဆက်လက်တာဝန်ယူဆောင်ရွက်ရမည်။
၁၀။ ဓာတ်အားလိုင်းနှင့် ဓာတ်အားခွဲရုံတည်ဆောက်ခြင်းလုပ်ငန်းများကို ပြင်ပလျှပ်စစ်ကျွမ်းကျင်သူ များဖြင့်ဆောင်ရွက်မည်ဖြစ်ပါက ထိုသူသည် စက်မှုဝန်ကြီးဌာန၊ စက်မှုကြီးကြပ်ရေးနှင့်စစ်ဆေး ရေးဦးစီးဌာနထံမှ လျှပ်စစ်ကျွမ်းကျင်မှတ်ပုံတင်လက်မှတ် ပထမအဆင့် အနိမ့်ဆုံးရရှိပြီးသူ ဖြစ်ရမည်။ တည်ဆောက်မည့်လုပ်ငန်းများအတွက် သုံးစွဲမည့်ပစ္စည်းစာရင်းနှင့် တည်ဆောက် မည့်ဓာတ်အားလိုင်းမြေပုံ၊ ဓာတ်အားခွဲရုံပုံစံတို့ကို အတည်ပြုချက်ရယူရမည်။
၁၁။ အခြားသောဝန်ကြီးဌာနက တည်ဆောက်ထိန်းသိမ်းထားသည့် ဓာတ်အားလိုင်းမှ ဆက်သွယ် ရယူလိုပါက သက်ဆိုင်ရာဌာန၏ သဘောတူညီချက်ရယူရမည်။
၁၂။ ကျေးရွာမီးလင်းရေးကော်မတီ/ ပုဂ္ဂလိကများက တည်ဆောက်ပြီးသော ၃၃ကေဗွီ၊ ၁၁ကေဗွီ ဓာတ်အား လိုင်းများကို ဓာတ်အားပို့လွှတ်သည့်အချိန်တွင် လျှပ်စစ်နှင့်စွမ်းအင်ဝန်ကြီးဌာနသို့ လွှဲပြောင်းအပ်နှံရမည်။ အဆိုပါလိုင်းများ ထိန်းသိမ်းပြုပြင်ခြင်းလုပ်ငန်းကို လျှပ်စစ်နှင့်စွမ်းအင် ဝန်ကြီးဌာနက စရိတ်ကျခံပြီး စီမံခန့်ခွဲဆောင်ရွက်ရမည်။ ၎င်းဓာတ်အားလိုင်းမှ ထပ်ဆင့် ဓာတ်အားချိတ်ဆက်ရယူခြင်းကို လျှပ်စစ်နှင့်စွမ်းအင်ဝန်ကြီးဌာနက နည်းပညာအရစိစစ်၍ ခွင့်ပြုပေးနိုင်သည်။",,,,,,
<urn:uuid:a6dd538b-d895-4e43-9d7a-5bb708312b9c>,"19-Dec-2018
လားရှိုး၊ ဒီဇင်ဘာ ၁၉
လားရှိုးနည်းပညာတက္ကသိုလ်ရှေ့၌ တစ်ကိုယ်တော်ဆန္ဒပြခဲ့သည့် ကိုစိုင်းကျော်ဇောဟန်ကို လားရှိုးမြို့နယ်တရားရုံးက ယနေ့ (ဒီဇင်ဘာ ၁၉ ရက်)တွင် ဒဏ်ငွေနှစ်သောင်းပေးဆောင်ရန် အမိန့်ချမှတ်ခဲ့ကြောင်း ယင်းတရားရုံးထံမှ သိရသည်။
တစ်ကိုယ်တော်ဆန္ဒပြခဲ့သည့် စိုင်းကျော်ဇောဟန်ကို ငြိမ်း စု စီ ပုဒ်မ ၁၉ ဖြင့် တရားရုံးသို့ စွဲတင်ခဲ့ခြင်းဖြစ်ပြီး တရားရုံးက ဒဏ်ငွေနှစ်သောင်း ပေးဆောင်ရန်နှင့် ဒဏ်ငွေမဆောင်ပါက ထောင် ၁၅ ရက်ကျခံစေရန် အမိန့်ချမှတ်ခဲ့ခြင်းဖြစ်သည်။
“သမဂ္ဂကျောင်းတွေ သပိတ်မှောက်တာကို ဘယ်ကျောင်းကမှ ခွင့်ပြုချက်တောင်းတယ်ဆိုတာမရှိခဲ့လို့ ခွင့်ပြုချက်မတောင်းပါဘူး”ဟု ဆန္ဒထုတ်ဖော်ခဲ့သူ ကိုစိုင်းကျော်ဇောဟန်က ပြောဆိုသည်။
အဆိုပါအမှုနှင့် ပတ်သက်၍ ဒီဇင်ဘာလ ၁၉ ရက် တရားရုံးတွင် ဒဏ်ငွေပေးဆောင်ခဲ့ရသော်လည်း တောင်းဆိုချက်များ မရမခြင်း ဆက်လက်၍ အစာငတ်ခံ ဆန္ဒပြမည်ဖြစ်ကြောင်း ၎င်းက ပြောကြားသည်။
လားရှိုး နည်းပညာတက္ကသိုလ် ကျောင်းသားသမဂ္ဂဥက္ကဋ္ဌဟောင်း ကိုစိုင်းကျော်ဇောဟန်သည် ဒီဇင်ဘာလ ၁၇ ရက် နံနက်ပိုင်းမှ ညနေအထိ ရုံးခန်းသော့ချိုးဖျက်ခံရပြီး သမဂ္ဂအလံဖြုတ်ချဖျောက်ဖျက်ခံရခြင်းကို ဖြေရှင်းပေးရန် စသည့်အချက်များ အပါအဝင် အချက် ၇ ချက်ပါ တောင်းဆိုချက်များကို ရေးသားထားသည့်စာရွက်ကို ကိုင်ဆောင်ပြီး ဆန္ဒပြခဲ့ခြင်းဖြစ်သည်။
R-07
-
21-Jan-2020
-
21-Jan-2020
-
21-Jan-2020
-
21-Jan-2020
-
21-Jan-2020
-
21-Jan-2020
-
20-Jan-2020
-
05-Jan-2020
-
09-Jan-2020
-
05-Jan-2020
-
09-Jan-2020
-
15-Jan-2020",,,,,,
<urn:uuid:1d404b6c-cb85-4158-ac1f-5b8eda49f3ff>,"ဟောင်ကောင်နဲ့ စင်ကာပူအကြား ကွာရန်တင်း အတားအဆီးကို ဖယ်ရှားကာ ကိုဗစ်-၁၉ ရောဂါ ရှိမရှိ စစ်ဆေးပြီး သွားလာခွင့် ပြုတော့မယ်လို့ အောက်တိုဘာလ ၁၅ ရက်မှာ ကြေညာလိုက်ပါတယ်။
ဒီအစီအစဉ်အရ ခရီးသွားတွေဟာ ကိုဗစ်နိုင်တင်း ပိုးမရှိသူတွေဖြစ်ဖို့လိုပြီး သတ်မှတ်ထားတဲ့ လေကြောင်းခရီးနဲ့ သွားလာရမယ်လို့ ဟောင်ကောင်ကူးသန်းရောင်းဝယ်ရေးဝန်ကြီးက ပြောဆိုပါတယ်။
အဲဒီအစီအစဉ် စတင်မယ့် နေ့ရက်အပါအဝင် အသေးစိတ်အစီအစဉ်ကို လာမယ့် သီတင်းပတ်တွေမှာ ထုတ်ပြန်သွားမယ်လို့ ဆိုပါတယ်။
ပြီးခဲ့တဲ့ မတ်လကစပြီး ဟောင်ကောင် ဒေသခံ မဟုတ်သူတွေကို ဝင်ရောက်ခွင့် တားမြစ်ခဲ့ပြီးနောက် ခရီးသွားလာမှုကို ပထမဆုံးပြန် စတာလည်းဖြစ်ပါတယ်။
အလားတူ ဒီသီတင်းပတ်မှာပဲ စင်ကာပူကလည်း ဟောင်ကောင်ကလာတဲ့ ခရီးသွားတွေအတွက် ကွာရန်တင်းကာလကို ၁၄ ရက်ကနေ ၇ ရက်အထိ ဖြေလျှော့ပေးပြီး ဟောင်ကောင်ကို အန္တရာယ်နည်းနေရာ စာရင်းမှာ ထည့်သွင်းခဲ့ပါတယ်။
ဟောင်ကောင်ရဲ့ နေ့စဉ် ကိုရိုနာဗိုင်းရပ်စ် ကူးစက်အရေအတွက်ဟာ သြဂုတ်လ နောက်ပိုင်းမှာ ဆယ်ဂဏန်းအောက် ကျဆင်းနေသလို စင်ကာပူဟာလည်း အလားတူ အခြေအနေမှာ ရှိတယ်လို့ ရိုက်တာက တင်ပြထားပါတယ်။
11 months Ago",,,,,,
<urn:uuid:675c2b5e-02bc-4863-88a5-1d70397f55d7>,"|
117883
||
Lily Aldaco
||
ယူနိုက်တက်ကင်းဒမ်း, အင်္ဂလိပ်, အထီး
|
|
အမည်သစ်ကိုရသောအပြည့်အဝခွဲခြမ်းစိတ်ဖြာ Get Aldaco
|
|
895529
||
Lily Atchinson
||
ဗာဂျင်းကျွန်း, ယူအက်စ်, အင်္ဂလိပ်, အထီး
|
|
အမည်သစ်ကိုရသောအပြည့်အဝခွဲခြမ်းစိတ်ဖြာ Get Atchinson
|
|
441505
||
Lily Balian
||
ယူနိုက်တက်စတိတ်, အင်္ဂလိပ်, အထီး
|
|
အမည်သစ်ကိုရသောအပြည့်အဝခွဲခြမ်းစိတ်ဖြာ Get Balian
|
|
917771
||
Lily Baraban
||
ယူနိုက်တက်စတိတ်, အင်္ဂလိပ်, အထီး
|
|
အမည်သစ်ကိုရသောအပြည့်အဝခွဲခြမ်းစိတ်ဖြာ Get Baraban
|
|
404096
||
Lily Barsegyan
||
ယူနိုက်တက်စတိတ်, အင်္ဂလိပ်, အထီး
|
|
အမည်သစ်ကိုရသောအပြည့်အဝခွဲခြမ်းစိတ်ဖြာ Get Barsegyan
|
|
334900
||
Lily Barton
||
ယူနိုက်တက်စတိတ်, အင်္ဂလိပ်, အထီး
|
|
အမည်သစ်ကိုရသောအပြည့်အဝခွဲခြမ်းစိတ်ဖြာ Get Barton
|
|
694397
||
Lily Bliske
||
ယူနိုက်တက်ကင်းဒမ်း, အင်္ဂလိပ်, အထီး
|
|
အမည်သစ်ကိုရသောအပြည့်အဝခွဲခြမ်းစိတ်ဖြာ Get Bliske
|
|
884759
||
Lily Bolduc
||
နိုင်ဂျီးရီးယား, အင်္ဂလိပ်, အထီး
|
|
အမည်သစ်ကိုရသောအပြည့်အဝခွဲခြမ်းစိတ်ဖြာ Get Bolduc
|
|
730294
||
Lily Bottella
||
ယူနိုက်တက်စတိတ်, အင်္ဂလိပ်, အထီး
|
|
အမည်သစ်ကိုရသောအပြည့်အဝခွဲခြမ်းစိတ်ဖြာ Get Bottella
|
|
520818
||
Lily Boyt
||
ယူနိုက်တက်စတိတ်, Awadhi, အထီး
|
|
အမည်သစ်ကိုရသောအပြည့်အဝခွဲခြမ်းစိတ်ဖြာ Get Boyt
|
|
260803
||
Lily Breitenberg
||
အိန္ဒိယ, အင်္ဂလိပ်, အထီး
|
|
အမည်သစ်ကိုရသောအပြည့်အဝခွဲခြမ်းစိတ်ဖြာ Get Breitenberg
|
|
428792
||
Lily Burbey
||
နိုင်ဂျီးရီးယား, အင်္ဂလိပ်, အထီး
|
|
အမည်သစ်ကိုရသောအပြည့်အဝခွဲခြမ်းစိတ်ဖြာ Get Burbey
|
|
122694
||
Lily Burgwin
||
ယူနိုက်တက်စတိတ်, အင်္ဂလိပ်, အထီး
|
|
အမည်သစ်ကိုရသောအပြည့်အဝခွဲခြမ်းစိတ်ဖြာ Get Burgwin
|
|
341876
||
Lily Busdiecker
||
နိုင်ဂျီးရီးယား, အင်္ဂလိပ်, အထီး
|
|
အမည်သစ်ကိုရသောအပြည့်အဝခွဲခြမ်းစိတ်ဖြာ Get Busdiecker
|
|
763565
||
Lily Castille
||
ယူနိုက်တက်စတိတ်, အင်္ဂလိပ်, အမြိုးသမီး
|
|
အမည်သစ်ကိုရသောအပြည့်အဝခွဲခြမ်းစိတ်ဖြာ Get Castille
|
|
434986
||
Lily Castro Chong
||
ယူနိုက်တက်စတိတ်, အင်္ဂလိပ်, အမြိုးသမီး
|
|
အမည်သစ်ကိုရသောအပြည့်အဝခွဲခြမ်းစိတ်ဖြာ Get Castro Chong
|
|
684902
||
Lily Cattano
||
ယူနိုက်တက်စတိတ်, အင်္ဂလိပ်, အထီး
|
|
အမည်သစ်ကိုရသောအပြည့်အဝခွဲခြမ်းစိတ်ဖြာ Get Cattano
|
|
701457
||
Lily Chapel
||
ယူနိုက်တက်စတိတ်, အင်္ဂလိပ်, အထီး
|
|
အမည်သစ်ကိုရသောအပြည့်အဝခွဲခြမ်းစိတ်ဖြာ Get Chapel
|
|
255523
||
Lily Clubbs
||
နိုင်ဂျီးရီးယား, Arabic အဘိဓါန်, အထီး
|
|
အမည်သစ်ကိုရသောအပြည့်အဝခွဲခြမ်းစိတ်ဖြာ Get Clubbs
|
|
219383
||
Lily Conkling
||
ယူနိုက်တက်စတိတ်, အင်္ဂလိပ်, အထီး
|
|
အမည်သစ်ကိုရသောအပြည့်အဝခွဲခြမ်းစိတ်ဖြာ Get Conkling
|
|
1112848
||
Lily Cornish
||
ယူနိုက်တက်ကင်းဒမ်း, အင်္ဂလိပ်, အမြိုးသမီး
|
|
အမည်သစ်ကိုရသောအပြည့်အဝခွဲခြမ်းစိတ်ဖြာ Get Cornish
|
|
595472
||
Lily Crivaro
||
ဖိလစ်ပိုင်, ဂျာမန်, အထီး
|
|
အမည်သစ်ကိုရသောအပြည့်အဝခွဲခြမ်းစိတ်ဖြာ Get Crivaro
|
|
880086
||
Lily Deckman
||
ယူနိုက်တက်စတိတ်, အင်္ဂလိပ်, အထီး
|
|
အမည်သစ်ကိုရသောအပြည့်အဝခွဲခြမ်းစိတ်ဖြာ Get Deckman
|
|
898227
||
Lily Delgato
||
ယူနိုက်တက်စတိတ်, အင်္ဂလိပ်, အထီး
|
|
အမည်သစ်ကိုရသောအပြည့်အဝခွဲခြမ်းစိတ်ဖြာ Get Delgato
|
|
647215
||
Lily Effert
||
နိုင်ဂျီးရီးယား, အင်္ဂလိပ်, အထီး
|
|
အမည်သစ်ကိုရသောအပြည့်အဝခွဲခြမ်းစိတ်ဖြာ Get Effert
|
|
902191
||
Lily Fennessy
||
နိုင်ဂျီးရီးယား, အင်္ဂလိပ်, အထီး
|
|
အမည်သစ်ကိုရသောအပြည့်အဝခွဲခြမ်းစိတ်ဖြာ Get Fennessy
|
|
330408
||
Lily Ferrato
||
အိန္ဒိယ, အင်္ဂလိပ်, အထီး
|
|
အမည်သစ်ကိုရသောအပြည့်အဝခွဲခြမ်းစိတ်ဖြာ Get Ferrato
|
|
1048082
||
Lily Fillip
||
ယူနိုက်တက်ကင်းဒမ်း, အင်္ဂလိပ်, အမြိုးသမီး
|
|
အမည်သစ်ကိုရသောအပြည့်အဝခွဲခြမ်းစိတ်ဖြာ Get Fillip
|
|
305752
||
Lily Fues
||
ယူနိုက်တက်ကင်းဒမ်း, အင်္ဂလိပ်, အထီး
|
|
အမည်သစ်ကိုရသောအပြည့်အဝခွဲခြမ်းစိတ်ဖြာ Get Fues
|
|
666615
||
Lily Ganska
||
ယူနိုက်တက်စတိတ်, -Croatian, အထီး
|
|
အမည်သစ်ကိုရသောအပြည့်အဝခွဲခြမ်းစိတ်ဖြာ Get Ganska
|",,,,,,
<urn:uuid:bdd40954-04fd-41ef-a715-8c37a3a231b9>,"ထွက်မှာ သေချာပြီလား။
အခုပြောချင်တာက ကိုယ့်အိမ်မှာထက်တောင်နေရချိန်ပိုများနေတဲ့ လုပ်ငန်းခွင်ရုံးခန်းမှာ သန့်ရှင်းမှုဂရုစိုက်မိဖို့ပါ။ မနက်စောစော ရုံးကိုပြေးလာမယ်၊ အချိန်မရလို့ မနက်စာကိုအပြေးအလွှားစားမယ်၊ ရောက်တာနဲ့ အလုပ်တွေဝင်လုပ်မယ်။ ဒါတော်တော်များများလုပ်နေကြ ပရိုစီဂျာပဲ။ မနက်မိုးလင်းကနေ ညမှောင်တဲ့အထိ ရှိနေခဲ့တဲ့ ရုံးမှာ လက်ဘယ်နှကြိမ်ဆေးခဲ့သလဲ။ရောဂါဘယကင်းစေဖို့အတွက် သန့်ရှင်းမှုကိုဂရုစိုက်ဖို့ ဘာလို့အရေးကြီးတာလဲ ဆက်ဖတ်ကြည့်နော်။ရောဂါပိုးမွှားတွေအများဆုံးရှိနိုင်တဲ့ ရုံးကနေရာတွေကို သိရင် ယူတို့ လက်မဆေးဘဲ မနေနိုင်တော့လောက်ပါဘူး။
အပေါ်တက်မယ်၊အောက်ဆင်းမယ်နဲ့ ဓါတ်လှေကားခလုတ်လေးတွေကနေ့တိုင်းအလုပ်လုပ်ရပါတယ်။ အထပ်တိုင်းမှာ လူရှိ၊ရုံးခန်းတွေရှိနေတော့ ခလုတ်တိုင်းကို ထိတွေ့သူအများကြီးပေါ့။ မမြင်ရပေမယ့် ဒီခလုတ်တွေမှာရောဂါပိုးမွှားတွေလည်း အများကြီးရှိနေမှာပါ။
Hello Health Group သည် ဆေးပညာအကြံဉာဏ်များ၊ ရောဂါရှာဖွေမှုများနှင့် ကုသမှုများ မပြုလုပ်ပေးပါ။",,,,,,
<urn:uuid:81f159ef-6eb0-4fb9-b03e-2762081fa73e>,"MENU
ပိတ်ပါ။
အိမ်
ထုတ်ကုန်များ
ပလပ်စတစ်ထုပ်ပိုးမှု
ပုလင်း
PET လေမှုတ်ပုလင်း
ပုလင်းအလွတ်များ
Mist sprayer ပုလင်း
မှုတ်ပုလင်း
PET ပန့်ပုလင်း
ဦးထုပ်ပါသော PET ပုလင်း
Shampo နှင့် Body care ပုလင်း
ခေါင်းလျှော်ရည်နှင့် ရေချိုးပုလင်း
deodorant ပုလင်း
နေရောင်ကာခရင်မ်ပုလင်း
အမျိုးသားများအတွက်
ကလေး & မွန်
အလှကုန်ထုပ်ပိုးမှုပြွန်
ပလပ်စတစ်ပြွန်
laminated tube
applicator နှင့်အတူ tube
Airless ပုလင်းနှင့် Acrylic Cream ပုလင်း
ပလပ်စတစ်ဘူးနှင့် အလှပြင်ဆေးထိုးဆေး
PET / PP / PE အိုး
သွေးရည်ကြည်ဆေးထိုးဆေး
အိုးအသေး
အလူမီနီယမ်ကွန်တိန်နာ
TUBE လုပ်ပါ။
Lip gloss tube ၊
Mascara ပြွန်
Eyeliner ပိုက်
ထုပ်/ပိတ်/သေတ္တာများ
အလှပြင်စုပ်
မှုတ်ဆေး
ပုလင်းအဖုံးများ
ထုပ်ပိုးမှုဒီဇိုင်း
ထုတ်လုပ်မှု
ထုပ်ပိုးမှုဒီဇိုင်း
ကြှနျုပျတို့အကွောငျး
သမိုင်း
စက်ရုံခရီးစဉ်
သတင်း
ကြှနျုပျတို့ကိုဆကျသှယျရနျ
ပတ်ဝန်းကျင်
English
သတင်း
HEYPACK ထုတ်လုပ်မှုနှင့် ပို့ဆောင်ခြင်း၏ အထွေထွေအခြေအနေ
admin မှ 22-03-23 ရက်နေ့တွင်
CNY အားလပ်ရက်ပြီးနောက်၊ HEYPACK ထုတ်လုပ်မှုနှင့်တင်ပို့ခြင်း၏အထွေထွေအခြေအနေ၊ ကျွန်ုပ်တို့သည် ဖေဖော်ဝါရီ 10 ရက်နေ့၌ အလုပ်စတင်ပါသည်။ အရာအားလုံးသည် ထုပ်ပိုးမှုပြွန်ကဲ့သို့ လမ်းကြောင်းပေါ်ရှိ ခဲချိန်သည် 25-30 ရက်၊ ပလပ်စတစ်ပုလင်းနှင့် ပုလင်း 30-35 ရက်၊ နမူနာပြုလုပ်ခြင်း 7၊ -၁၅ ရက်။ထို့အပြင် အမေရိကန်သို့ လေကြောင်း ကုန်စည်ပို့ဆောင်မှု အောက်ပိုင်းနှင့်...
ပိုပြီးဖတ်ပါ
အလှကုန် အယူအဆ II
admin မှ 20-09-23 ရက်နေ့တွင်
ပိုမိုတင်းကြပ်သည်- တားမြစ်ထားသောစကားလုံးများကို သွက်လက်စွာစီမံခန့်ခွဲခြင်း ""အယူအဆဆိုင်ရာ ထပ်လောင်းမှုများ"" တွင် တိကျသော ဒဏ်ခတ်မှုများအပြင်၊ အစီအမံများတွင် အလွန်တင်းကျပ်သော စီမံခန့်ခွဲမှုအစီအမံများစွာ ရှိပါသည်။ပထမဦးစွာ တင်သွင်းလာသော အလှကုန်တံဆိပ် စီမံခန့်ခွဲမှုကို စံသတ်မှတ်ပါ။ပြည်နယ်အစားအသောက်နှင့် ဆေးဝါးကွပ်ကဲရေးဦးစီးဌာနမှ...
ပိုပြီးဖတ်ပါ
Cosmetic Concept One ပါ။
admin မှ 20-09-23 ရက်နေ့တွင်
ပြည်နယ်အစားအသောက်နှင့် ဆေးဝါးကွပ်ကဲရေး၏ တရားဝင်ဝဘ်ဆိုက်တွင် “အလှကုန်တံဆိပ်ကပ်ခြင်းဆိုင်ရာ စီမံခန့်ခွဲရေးဆောင်ရွက်မှုများ (မှတ်ချက်အတွက်မူကြမ်း)” နှင့် ပတ်သက်၍ လူသိရှင်ကြား သဘောထားအမြင်တောင်းခံလွှာကို ထုတ်ပြန်ခဲ့ပြီး “အလှကုန်ကြီးကြပ်ကွပ်ကဲမှုဆိုင်ရာ စည်းမျဥ်းစည်းကမ်းများ” (ဇ. .။
ပိုပြီးဖတ်ပါ
HEYPACK ထုတ်ကုန်အသစ်- အဆို့ရှင်အဆက်မပြတ်မှုတ်ပုလင်းပေါ်ရှိ အိတ်
admin မှ 20-08-18 ရက်နေ့တွင်
Multiple spray system နှင့် ဆက်စပ်ထုတ်ကုန်များသည် 2017 ခုနှစ်တွင် ကမ္ဘာလုံးဆိုင်ရာစျေးကွက်သို့ကျွန်ုပ်တို့သတိတရရှိစွာတွန်းအားပေးနေသည့် duaality valve ထုတ်ကုန်မော်ဒယ်ဖြစ်ပါသည်။ ၎င်းသည် အသစ်၊ အဆင့်မြှင့်ပြီး ထပ်ခါထပ်ခါပြုလုပ်ထားသော ထုတ်ကုန်တစ်ခုဖြစ်ပြီး ၎င်းသည် ယခင် micro valve spray ထုတ်ကုန်များကို အထူးသဖြင့် နယ်ပယ်တွင်အသုံးပြုမှုကို အလွန်ကျယ်ပြန့်စေပါသည်။ အလှပြင်...
ပိုပြီးဖတ်ပါ
သင့်ထံ မက်ဆေ့ချ်ပို့ပါ-
သင့်စာကို ဤနေရာတွင် ရေးပြီး ကျွန်ုပ်တို့ထံ ပေးပို့ပါ။
ရှာဖွေရန် Enter သို့မဟုတ် ESC ကိုပိတ်ရန် နှိပ်ပါ။
English
French
German
Portuguese
Spanish
Russian
Japanese
Korean
Arabic
Irish
Greek
Turkish
Italian
Danish
Romanian
Indonesian
Czech
Afrikaans
Swedish
Polish
Basque
Catalan
Esperanto
Hindi
Lao
Albanian
Amharic
Armenian
Azerbaijani
Belarusian
Bengali
Bosnian
Bulgarian
Cebuano
Chichewa
Corsican
Croatian
Dutch
Estonian
Filipino
Finnish
Frisian
Galician
Georgian
Gujarati
Haitian
Hausa
Hawaiian
Hebrew
Hmong
Hungarian
Icelandic
Igbo
Javanese
Kannada
Kazakh
Khmer
Kurdish
Kyrgyz
Latin
Latvian
Lithuanian
Luxembou..
Macedonian
Malagasy
Malay
Malayalam
Maltese
Maori
Marathi
Mongolian
Burmese
Nepali
Norwegian
Pashto
Persian
Punjabi
Serbian
Sesotho
Sinhala
Slovak
Slovenian
Somali
Samoan
Scots Gaelic
Shona
Sindhi
Sundanese
Swahili
Tajik
Tamil
Telugu
Thai
Ukrainian
Urdu
Uzbek
Vietnamese
Welsh
Xhosa
Yiddish
Yoruba
Zulu",,,,,,
<urn:uuid:af4ab6b7-52e4-44e2-8aa3-c22a05a5f862>,"သမ္မတသက်တမ်း ကန့်သတ်ချက် တရုတ်ကွန်မြူနစ်ပါတီ ပယ်ဖျက်
သမ္မတ ရှီကျင့်ဖျင်ကို ရာထူးတွင် အချိန် အကန့်အသတ်မရှိ နေခွင့်ပြုသည့် သမ္မတ သက်တမ်း ကန့်သတ်ချက် ပယ်ဖျက်ခြင်းအား ဝေဖန်သူများကို တရုတ်နိုင်ငံပိုင် မီဒီယာက တိုက်ခိုက်လိုက်ပြီး တရုတ်နိုင်ငံ၏ အဓိကလမ်းကြောင်းတွင် သော့ချက်မှာ ကွန်မြူနစ်ပါတီ၏ လမ်းကြောင်းအတိုင်း လျှောက်ရေးဖြစ်သည်ဟု ဆိုသည်။
တရုတ်ပါလီမန်သည် တနင်္ဂနွေနေ့က ဖွဲ့စည်းပုံ အခြေခံ ဥပဒေကို ပြင်ဆင်ရန် အလုံးအရင်းဖြင့် မဲပေးခဲ့ကြပြီး ရာထူးသက်တမ်း ကန့်သတ်ချက်များကို ပယ်ဖျက်ကာ ကွန်မြူနစ်ပါတီက သြဇာလွှမ်းမိုးပြီးသော နိုင်ငံရေးလောကတွင် ပါတီ၏ အခန်းကဏ္ဍကို ပိုမိုခိုင်မာအောင် လုပ်ဆောင်ခဲ့သည်။
“သက်တမ်း နှစ်ခု ကန့်သတ်ချက်ကို ပယ်ဖျက်ခြင်းသည် မော်စီတုန်းခေတ်က ခါးသီးသော သင်ခန်းစာကို လျှစ်လျှူရှုခြင်းဖြစ်ပြီး လက်ခံနိုင်ဖယ်မရှိသည့် လူတဦး၏လက်တွင် အာဏာသိမ်းကြုံးရယူခြင်းကြောင့်ဖြစ်ပေါ်သည့် ကြီးမားသော ဒုက္ခများ၊ အခွင့်အရေးချိုးဖေါက်မှုများ၊ အမျိုးသားကပ်ဘေးကြီးများနှင့် တရုတ်ပြည်သူများ ကြုံရမည်” ဟု အမေရိကန် နိုင်ငံအခြေစိုက် Human Rights in China အဖွဲ့မှ အမှုဆောင်ဒါရိုက်တာ ရှာရွန်ဟုမ်က ကြေညာချက် တစောင်တွင် ရေးသားသည်။
ထို့အပြင် မဲမပေးမီ တရုတ်လူမှုကွန်ယက်မှ ဝေဖန်သူများကလည်း ထိုအစီအစဉ်ကို ရှုတ်ချခဲ့ပြီး ” မြောက်ကိုရီးယားလမ်းစဉ် လိုက်သည်” ” မော်စီတုန်းပုံစံ လူပုဂ္ဂိုလ် ကိုးကွယ်မှု ထူထောင်သည်” စသည်ဖြင့် ဝေဖန်ခဲ့သည်။ ထိုအဆိုပြုချက်ကို ကွန်မြူနစ်ပါတီက လွန်ခဲ့သောလကမှ ကြေညာခဲ့သည်။
သို့သော် အနောက်နိုင်ငံများ၏ နိုင်ငံရေးသဘောတရားများသည် တရုတ်နိုင်ငံအတွက် အသုံးမဝင်ကြောင်း တရုတ်ကွန်မြူနစ်ပါတီ၏ အာဘော်ကို ထင်ဟပ်သော Global Times သတင်းစာ ခေါင်းကြီးတွင် ရေးသားခဲ့သည်။
“တရုတ်နိုင်ငံ၏ လမ်းကြောင်းတွင် အဓိကကျသော သော့ချက်မှာ ပါတီ၏ ခိုင်မာသော ဦးဆောင်မှုကိုဆုပ်ကိုင်ပြီး ရဲဘော် ရှီကျင့်ဖျင်ကို ဗဟိုပြုကာ ပါတီ ဗဟိုကော်မတီ၏ ခေါင်းဆောင်မှုနောက်တွင် အခိုင်အမာ လိုက်ပါရေးဖြစ်သည်” ဟု ထိုခေါင်းကြီးတွင် ရေးသားထားသည်။
ထို ဖွဲ့စည်းပုံ အခြေခံ ဥပဒေပြင်ဆင်ချက်သည် မည်သည့် ခေါင်းဆောင်အတွက်မျှ တသက်တာ ရာထူးသက်တမ်းရစေမည်ဟု မဆိုလိုကြောင်း ကွန်မြူနစ်ပါတီ၏ ပြည်သူ့နေ့စဉ် သတင်းစာ၏ ယခင်က ရေးသားချက်ကို Global Times က ထပ်မံရေးသားသည်။
“အနောက်နိုင်ငံများမှ အချို့သောသူများသည် ၎င်းတို့ ပိုသိသည်ဟု ခန့်မှန်းပြောဆိုနေကြသော်လည်း သူတို့သည် မဆိုင်သည့်အရေးကိုသာ အကြောက်အကန် ငြင်းနေကြသည်” ဟုလည်း ထိုခေါင်းကြီးက ဆိုသည်။
ထိုသို့သောသူများသည် တရုတ်နိုင်ငံကို ဆန့်ကျင်လိုသည့် နက်ရှိုင်းစွာ အမြစ်တွယ်နေသော သဘောတရားရေးရာ ဘက်လိုက်မှု ရှိကြပြီး တရုတ်နိုင်ငံနှင့် ပတ်သက်သည့် မှားယွင်းသော ခန့်မှန်းပြောဆိုချက်များကို တခုပြီးတခုလုပ်နေကြသည် ဟုလည်း ဆက်လက်ရေးသားသည်။
သို့ရာတွင် နိုင်ငံပိုင်သတင်းဌာနများသည် ၎င်းတို့၏ သတင်းများအောက်တွင် ဝေဖန်ရေးသားမှုများကို ဖြတ်တောက်စိစစ်ပြီး ချီကျူးဂုဏ်ပြုသော ရေးသားမှုများကိုသာ ဖတ်ရှုနိုင်အောင်ပြုလုပ်ကြသည်။ သဘောထားကွဲလွဲသူများအချို့ကမူ ဆင်ဆာစနစ်ကို ဖြတ်ကျော်ဝင်ရောက်ရေးသားနိုင်ခဲ့ကြသည်။
“ ချီးကျူးမြှောက်ပင့်သော ဆိုရှယ်လစ်ဝါဒသည် မည်သို့မည်ပုံ ဥပဒေပြုသော ပဒေသရာဇ် စနစ်ဖြစ်လာသနည်း” ဟု ဝေဖန်သူ တဦးက Weibo လူမှုကွန်ရက်တွင် ရေးသည်။
“ဘာလို့ မဲစာရင်း မထုတ်ပြန်တာလဲ” ဟု အခြားတဦးက ရေးသည်။
ကိုယ်စားလှယ် ၃၀၀၀ နီးပါးရှိသော ပါလီမန်တွင် နှစ်ဦးသာကန့်ကွက်ခဲ့ပြီး မဲမပေးဘဲနေသူ ၃ ဦးသာ ရှိသည်ဟုဆိုသည်။
ကိုးကား ။ ။ Reuters",,,,,,
<urn:uuid:f0261e98-1a9c-4a9f-8177-e8ec2ae6627e>,"အသက် (၉၆) နှစ်အရွယ် ရေ ဝေါ်လေ (Ray Woolley) ဆိုသူ စစ်ပြန်အဘိုးအိုဟာ ကမ္ဘာ့အသက်အကြီးဆုံးရေငုပ်သမားအဖြစ် တတိယအကြိမ်မြောက်ရေငုပ်ပြီး အရင်က သူရေငုပ်တဲ့စံချိန်ထက်သာလွန်ရင်းနဲ့ သူ့ရဲ့မွေးနေ့ကို သြဂုတ်လ (၂၈) ရက်နေ့က ဆင်နွှဲခဲ့ပါတယ်။
သြဂုတ်လ (၂၈) ရက်နေ့က ရေ ဝေါ်လေက (၄၈) မိနစ်နဲ့ အနက် (၄၂.၂) မီတာကို ဒိုင်ဗင်ထိုးဆင်းခဲ့ပါတယ်။ ဒီစံချိန်က အရင်က သူ့ရဲ့စံချိန် (၄၄) မိနစ်နဲ့ အနက် (၄၀.၆) မီတာကို စံချိန်ချိုးခဲ့တယ်လို့ သိရပါတယ်။
“တကယ်ကို မယုံနိုင်လောက်အောင်ပါပဲ။ ကျွန်တော် ရေငုပ်လာတာ အခုဆို (၅၉) နှစ်ရှိနေပါပြီ။ မင်းတို့ မှတ်မိနေရမယ့် ရေငုပ်နည်းပါပဲ။ ဘယ်လို့လဲဆိုရင် မင်းတို့နဲ့အတူ ရေငုပ်သမားတော်တော်များများရှိပါတယ်” လို့ ဝေါ်လေက သူနဲ့အတူ ရေကူးတဲ့ အခြားရေငုပ်သမား (၄၇) နှစ်ဦးကို ပြောပါတယ်။
“ကျွန်တော် ရေငုပ်နိုင်သေးရင်၊ ကျွန်တော့သူငယ်ချင်းတွေက ကျွန်တော်နဲ့အတူ ရေငုပ်ချင်တဲ့ဆန္ဒရှိရင် နောက်နှစ်မှာထပ်ပြီး ရေငုပ်နိုင်မယ်လို့ ကျွန်တော် မျှော်လင့်မိပါတယ်” လို့ သတင်းဌာနကို ဝေါ်လေက ထုတ်ပြောပါတယ်။
ရေ ဝေါ်လေက ဆိုက်ပရပ်စ်နိုင်ငံက ဖြစ်ပြီး သူဟာ ဒုတိယကမ္ဘာစစ်ကာလတုန်းက ရေဒီယိုအော်ပရေတာသမားတစ်ယောက်ဖြစ်ခဲ့ပါတယ်။ သူဟာ ကိုယ့်ကိုယ်ကိုယ်အသက်ကြီးတယ်လို့ မထင်ထားတဲ့သူလည်းဖြစ်ပါတယ်။
အခုတခေါက် ရေငုပ်တာက ၂၀၁၇ ခုနှစ်နဲ့ ၂၀၁၈ခုနှစ်က စံချိန်တွေကို အောင်အောင်မြင်မြင်နဲ့ စံချိန်ချိုးပစ်နိုင်ခဲ့တာပါ။
ရေအောက်ရိုက်ကူးထားတဲ့ပုံတွေမှာတော့ ဝေါ်လေ နဲ့ အခြားရေငုပ်သမားတွေ သဘောၤပျက်ကိုယ်ထည်ပေါ်မှာ ထိုင်နေကြတာကိုလည်း တွေ့ရပါတယ်။ ဝေါ်လေရဲ့ဘဝအကြောင်းရိုက်ကူးထားတဲ့ မှတ်တမ်းတင်ဇာတ်ကား Life Begins ကို Bosnia Herzegovina Film Festival မှာ စက်တင်ဘာလအတွင်း ပြသသွားမှာဖြစ်တယ်လို့ သိရပါတယ်။
Ref: AsiaOne “World War II veteran Ray Woolley breaks own scuba diving record at age 96”
WL (ရိုးရာလေး)",,,,,,
<urn:uuid:3cdde323-13e2-462f-8059-13ad6833bb15>,"စစ်ဘေးဒုက္ခသည်များအား ဆက်လက်ကူညီသွားမည်ဟု ပြော
သတင်းနှင့်မီဒီယာ ကွန်ရက်။
ဖေဖေါ်ဝါရီလ ၁၀ ရက်နေ့၊ ၂၀၁၇ ခုနှစ်။
ကချင်ပြည်နယ် မြစ်ကြီးနားမြို့သို့ ဖေဖော်ဝါရီလ (၉) ရက်နေ့တွင် ရောက်ရှိနေသည့် ဗြိတိန် သံအမတ် Andrew Parick နှင့် အမေရိကန် သံအမတ် Scot Maciel နှင့် အဖွဲ့ဝင်တို့သည် မြစ်ကြီးးနားမြို့ရှိ အရပ်ဖက်လူမှုအဖွဲ့ အစည်းများ၊ ဘာသာရေးအဖွဲ့အစည်းများ၊ ငြိမ်းချမ်းရေး အကျိုးဆောင်အဖွဲ့များနှင့် တွေ့ဆုံကာ ငြိမ်းချမ်းရေး၊ ဒုက္ခသည်အရေးများကို ဆွေးနွေးခဲ့သည် ဟု သိရသည်။
ကချင်ပြည်နယ်အတွင်း ဖြစ်ပွားနေသည့် တိုက်ပွဲများကြောင့် ထွက်ပြေးတိန်းရှောင်နေရသည့် စစ်ရှောင် ဒုက္ခသည်များ၏ လိုအပ်ချက်များကို ဆက်လက်ကူညီသွားမည်ဖြစ်ကြောင်း ကချင်နှစ်ခြင်းခရစ်ယာန် အဖွဲ့ချုပ် (KBC) နှင့် တွေ့ဆုံစဉ်ပြောဆိုခဲ့သည်ဟု (KBC) မှ အထွေထွေ အတွင်းရေးမှူး သိက္ခာတော် ရ ဆရာတော် ဒေါက်တာခါလမ်ဆမ်ဆွန် က ပြောသည်။
“သူတို့က ဒီ ဒုက္ခသည်တွေရဲ့ လိုအပ်မှုကိုတော့ အမြဲတမ်းကူညီမယ်လို့တော့ သူတို့ ပြောသွားပါတယ်။ ကူညီတဲ့ အစီအစဉ်ကို ဆက်လက်ပြီးတော့မှ လုပ်ဆောင်သွားမယ်လို့ ပြောတယ်အဲဒါ။ သူတို့ကတော့ ဒီလို ဒုက္ခတွေ ရှိနေစဲကြောင့်မို့လို့ မြန်မာပြည်ကြီး အမြန် ဒီမိုကရေစီ ဖက်ဒရယ် ပြည်ထောင် စုစနစ်ကို အမြန် ဆောင်ရွက်ရမယ်လို့ သူတို့ အဲလိုတော့ပြောပါတယ်။” ဒေါက်တာခါလမ်ဆမ်ဆွန် က ပြောသည်။
သို့သော် လက်ရှိ အနေအထားတွင် ကချင်စစ်ရှောင် ဒုက္ခသည်များ ရိက္ခာဖြတ်တောက်ခံနေရသည့် အနေအထားနှင့် ကြုံတွေ့နေရကြောင်း၊ စစ်ဘေးရှောင်စခန်းများသို့ ရိက္ခာသွားရောက်ပံ့ပိုးစဉ် အစိုးရ အာဏာပိုင်များဘက်မှ လုံခြုံရေးအကြောင်းပြပြီး ပိတ်ပင်သည့်ကိစ္စများကြုံနေရကြောင်း ကချင်နှစ်ခြင်း ခရစ်ယာန်အဖွဲ့ချုပ်မှ တင်ပြဆွေးနွေးခဲ့သည်ဟု ဒေါက်တာခါလမ်ဆမ်ဆွန် က ပြောသည်။
အလားတူ ဗြိတိန် သံအမတ် Andrew Parick နှင့် အမေရိကန် သံအမတ် Scot Maciel နှင့် အဖွဲ့ဝင်တို့ သည် ကချင်ငြိမ်းချမ်းရေး အကျိုးဆောင်အဖွဲ့ (PCG) နှင့် တွေ့ဆုံစဉ် ကချင်ပြည်နယ်အတွင်း ဖြစ်ပွား နေသည့် တိုက်ပွဲများနှင့် ပတ်သက်၍ သက်ဆိုင်ရာ တာဝန်ရှိသူတွေကို တင်ပြ အကြံပေးသွားမည်ဖြစ် ကြောင်း ပြောဆိုခဲ့သည်ဟု PCG မှ ငြိမ်းချမ်းရေး အကျိုးဆောင် ဦးဆမ်အောင် က ပြောသည်။
“တိုက်ပွဲတွေနဲ့ သူတို့က တင်ပြပေးမယ်ပေါ့။ တိုက်ပွဲတွေက အခုက တိုက်ပွဲကြောင့်ပဲ ငြိမ်းချမ်းရေး ဖြစ် စဉ်က ယုံကြည်မှုက ပျက်ပြားသွားတာက ဒီတိုက်ပွဲကြောင့်ပဲဖြစ်တာ တိုက်ပွဲက ဆက်ရှိနေတယ် ဆိုရင် တော့ ဒါ ငြိမ်းချမ်းရေး ဆက်တိုးနိုင်စရာ အကြောင်းမရှိဘူးဆိုတာကို လူထုက တင်ပြကြတာပေါ့။ သူတို့ ကလည်း အဲဒါ စစ်ပွဲတွေ မဖြစ်အောင် သူတို့ကလည်း ပြောပေးမယ် အကြံပေးပေးမယ် ဆိုတာလောက် တော့ ပြောဖြစ်ပါတယ်။ သူတို့က ငြိမ်းချမ်းရေး ဖြစ်စဉ်ကို အမြဲတမ်း ထောက်ခံနေမယ် အကြောင်း၊ လို အပ်တဲ့ အကူအညီပေး မယ်ဆိုတာပဲ သူတို့က ပြောပါတယ်။” ဟု ဦးဆမ်အောင် က ပြောသည်။
လက်ရှိသွားနေသည့် ငြိမ်းချမ်းရေး လုပ်ငန်းစဉ်နှင့် ပတ်သက်၍ ကချင်လူထုအနေဖြင့် ပင်လုံကို အခြေ ခံသည့် ငြိမ်းချမ်းရေးကိုသာ လိုလားပြီး တနိုင်ငံလုံး ပစ်ခတ်တိုက်ခိုက်မှု ရပ်စဲရေး သဘောတူ စာချုပ် (NCA) ကို အခြေခံသည့် ငြိမ်းချမ်းရေးကို မလိုလားကြောင်း ဆွေးနွေးခဲ့သည်ဟု သိရသည်။
ထို့အပြင် နိုင်ငံတော် အတိုင်ပင်ခံ ပုဂ္ဂိုလ်၏ မကြာမှီအချိန်တွင် ကချင်ပြည်နယ်သို့လာရောက်မည့် ခရီး စဉ်အား ပံ့ပိုးကူညီပေးကြရန်လည်း ပြောဆိုခဲ့သည်ဟု ကချင်နှစ်ခြင်းခရစ်ယာန်အဖွဲ့ချုပ် (KBC) မှ အထွေထွေ အတွင်းရေးမှူး ဒေါက်တာ ခါလမ်ဆမ်ဆွန် က ပြောသည်။
အမေရိကန်နှင့် ဗြိတိန်နိုင်ငံတို့ အနေဖြင့် မြန်မာနိုင်ငံ၏ ငြိမ်းချမ်းရေးဖြစ်စဉ် အပေါ် အမြဲတမ်း ရပ်တည် ပြီး ထောက်ခံသွားမည် ဖြစ်ကြောင်း ပြောဆိုခဲ့သည်ဟု သိရသည်။
သံအမတ်များနှင့် တွေ့ဆုံစဉ် အချိန်အကန့်အသတ်ရှိနေသည့်အတွက် ကချင်အရပ်ဘက် လူမှုအဖွဲ့ အစည်းများ အနေဖြင့် ကချင်ပြည်နယ်အတွင်း ဖြစ်ပေါ်နေသည့် တိုက်ပွဲများ၊ ငြိမ်းချမ်းရေးကိစ္စများ၊ လူ့အခွင့်အရေး ချိုးဖောက်ခံနေရမှုများနှင့် ပတ်သက်၍ ထိထိရောက်ရောက် မတင်ပြနိုင်ခဲ့ဘူးဟုလည်း တွေ့ဆုံဆွေးနွေးပွဲ တက်ရောက်သူများက ပြောသည်။
ယခုခရီးစဉ်အတွင်း ဗြိတိန် သံအမတ် Andrew Parick နှင့် အမေရိကန် သံအမတ် Scot Maciel နှင့် အဖွဲ့ဝင်တို့သည် မြောက်ပိုင်းတိုင်း တိုင်းမှူးနှင့်လည်း ဖေဖော်ဝါရီလ (၁၀) ရက်နေ့ နံနက်ပိုင်းက တွေ့ဆုံခဲ့သည် ဟု သိရသည်။
ဗြိတိန် သံအမတ် Andrew Parick နှင့် အမေရိကန် သံအမတ် Scot Maciel နဲ့ အဖွဲ့ဝင်တို့သည် ဖေဖော်ဝါရီလ (၉) ရက်နေ့နှင့် (၁၀) ရက်နေ့တို့တွင် မြစ်ကြီးနားမြို့ရှိ ကူညီ ကယ်ဆယ်ရေး လုပ်ငန်းများ လုပ်ဆောင်နေသည့် UN အဖွဲ့ဝင်များ၊ အရပ်ဖက်လူမှုအဖွဲ့ အစည်း CSO အဖွဲ့များ၊ ဘာသာရေးအဖွဲအစည်းများ၊ ငြိမ်းချမ်းရေး အကျိုးတော်ဆောင် အဖွဲ့များအား တွေ့ဆုံခဲ့ခြင်းဖြစ်သည်။",,,,,,
<urn:uuid:5dafccb2-27c4-4bba-b953-b56862f1c84b>,"ဈေးကွက်အတွင်း ဘဲဥဈေးနှုန်းများ မြင့်တက်လျက် ရှိသောကြောင့် ပဲခူးတိုင်းဒေသကြီး သနပ္ပင်မြို့နယ်အတွင်း စီးပွားဖြစ် ဘဲမွေးမြူခြင်း၊ တစ်နိုင်တစ်ပိုင် ဘဲမွေးမြူခြင်း လုပ်ငန်းများ ပိုမိုများပြားလာကြောင်း သိရှိရသည်။
ဘဲသည် ကြက်ကဲ့သို့ မဟုတ်ဘဲ မွေးမြူရ လွယ်ကူသည့် အပြင် မိုးရာသီဖြစ်သည့်အလျောက် ၎င်းတို့၏ သဘာဝအစား အစာဖြစ်သော ရေမှော်၊ ပိုးမွှားကောင်သေး၊ တီကောင် စသည်တို့ ပိုမိုပေါများသည့်အတွက် ကုန်ကျစရိတ် သက်သာ ကြောင်း သိရှိရသည်။
သနပ္ပင်မြို့နယ်အတွင်း လွှတ်ကျောင်းများ ပေါသော ကြောင့် တစ်နိုင်တစ်ပိုင် အကောင်ရေ ၃၀ မှ ၅၀ မွေးမြူသူများ ရှိသကဲ့သို့ အကောင်ရေ ၅၀ဝ၊ ၁၀ဝ၀၊ ၂၀ဝ၀ စသည်ဖြင့် စီးပွားဖြစ် မွေးမြူသူများလည်းရှိကြောင်း သိရှိရသည်။
ဥစားဘဲအနေဖြင့် အကောင်ပေါက် စတင်မွေးမြူသည် မှ ခြောက်လကျော်လျှင် ဥစတင်ဥကာ ဥသက်တမ်းမှ တစ်နှစ်၊ တစ်နှစ်ခွဲခန့်ရှိကြောင်း သိရှိရသည်။ ဘဲကောင်ရေ ၁၀ဝ၀ မွေးမြူလျှင် ထုတ်လုပ်မှု ကုန်ကျစရိတ် အစားအစာ၊ ဆေးဝါး၊ လုပ်သားခအပါအဝင် တစ်ရက်လျှင် ကျပ် ၇၅၀ဝ၀ ခန့် ကုန် ကျကြောင်း သိရှိရသည်။
ဘဲဥ ဥသည့် အချိန်ရောက်လျှင် အကောင် ၁၀ဝ၀ လျှင် တစ်ရက် ပျမ်းမျှ ဥ ၇၀ဝ နှုန်းခန့် ဥကြောင်းသိရပြီး သက်တမ်း ကုန် ဘဲများကိုလည်း အသားအဖြစ် ရောင်းချနိုင်သည့်အတွက် အသားတင် အကျိုးအမြတ်ရရှိကြောင်း သိရှိရသည်။ ဘဲဥ တစ်လုံးလျှင် ယနေ့ ခြံထွက်ဈေးမှာ ၂၈၀ ကျပ်ခန့် ရှိသော ကြောင့် တစ်ရက်လျှင် ကျပ် ၁၉၆၀ဝ၀ ခန့် ဝင်ငွေရရှိသဖြင့် ဘဲကောင်ရေ ၁၀ဝ၀ မွေးမြူလျှင် တစ်ရက် ကျပ် ၁၂၁၀ဝ၀ ခန့် အကျိုးအမြတ်ရရှိရာ ဘဲမွေးမြူသည့် စီးပွားရေးလုပ်ငန်းရှင်များအနေဖြင့် စီးပွားရေး တွက်ခြေကိုက်လျက် ရှိကြောင်း သိရှိရသည်။
ခိုင်ရွှေဇင် (ပဲခူး)",,,,,,
<urn:uuid:ec310ccd-0bd2-42bb-9aa6-0e2bf1614dc4>,"တိုက်ပွဲဖြစ်နေတဲ့ ကချင်ဒေသကို ဗြိတိန်သံအမတ်ရောက်
ကချင်ဒေသခံ ပြည်သူတွေဟာ ငြိမ်းချမ်းရေးဆွေးနွေးပွဲတွေကနေ ကောင်းမွန်တဲ့ ရလဒ်တွေကို မျှော်လင့်နေဆဲ ဖြစ်တဲ့ အတွက် ငြိမ်းချမ်းရေးနဲ့ နိုင်ငံဆွေးနွေးပွဲတွေ အောင်မြင်ဖို့ ဗြိတိန်လို နိုင်ငံကြီး တနိုင်ငံ အနေနဲ့ တွန်းအားပေးဆောင်ရွက်ပေးဖို့ ဗြိတိသျှသံအမတ် အင်ဒရူးပက်ထရစ်ကို ကေအိုင်အို တာဝန်ရှိသူတွေက တိုက်တွန်းလိုက်ပါတယ်။
မြန်မာနိုင်ငံဆိုင်ရာ ဗြိတိန်သံအမတ် အင်ဒရူးပက်ထရစ်က လတ်တလော ပဋိပက္ခဖြစ်နေတဲ့ ကချင်ပြည်နယ်ဘက်ကိုဇန်နဝါရီလ ၉ ရက် ဒီနေ့ မနက်ပိုင်း မှာ သွားရောက်ခဲ့တာပါ။
အဲဒီ ခရီးစဉ်အတွင်းမှာ မြစ်ကြီးနားမြို့မှာရှိတဲ့ ကေအိုင်အို ကချင်လွတ်မြောက်ရေးတပ်ဖွဲ့ရဲ့ နည်းစနစ်ပိုင်းဆိုင်ရာ အကြံပေးအဖွဲ့ရုံးမှာ ကေအိုင်အိုနည်းစနစ် အကြံပေးအဖွဲ့ တာဝန်ရှိသူတွေနဲ့ တွေ့ဆုံခဲ့ပါတယ်။ အဲဒီမှာ ကေအိုင်အိုဘက်က ငြိမ်းချမ်းရေး အတွက် ကူညီဖို့ တိုက်တွန်းခဲ့တာဖြစ်တယ်လို့ ကေအိုင်အို နည်းစနစ်အကြံပေးအဖွဲ့က ဦးဒေါင်ခါရ်းက ဘီဘီစီကို ပြောပါတယ်။
- တိုက်ပွဲပြင်းထန်နေတုန်း ကေအိုင်အို ခေါင်းဆောင်လွှဲအပ်ပွဲကျင်းပ
- ငြိမ်းချမ်းရေးနှစ် ရည်မှန်းချက် ဘယ်နေရာရောက်နေသလဲ
- ငြိမ်းချမ်းရေးနှစ် ရည်မှန်းချက် ဘယ်နေရာရောက်နေသလဲ အပိုင်း-၂
ငြိမ်းချမ်းရေးအတွက် အပေါင်းလက္ခဏာဆောင်တဲ့ ရလဒ်တွေထွက်လာဖို့ အန်အယ်လ်ဒီ အရပ်သားအစိုးရအနေနဲ့လည်း လူထုအားနဲ့ ကြိုးပမ်းသင့်တယ်လို့ ကေအိုင်အိုဘက်က ဗြိတိန်သံအမတ်နဲ့တွေ့ဆုံစဉ်မှာ ပြောကြားခဲ့တယ် ဆိုပါတယ်။
လတ်တလော စစ်ရေးတင်းမာမှုတွေနဲ့ တိုက်ခိုက်မှုအခြေအနေတွေ ကို ကေအိုင်အိုဘက်က ရှင်းပြခဲ့သလို ဗြိတိန်အနေနဲ့ ငြိမ်းချမ်းရေး လုပ်ငန်းစဉ်မှာ ကူညီနေတဲ့အကြောင်း ဗြိတိန် သံအမတ်ကြီး ပြန်လည် ပြောဆိုခဲ့တယ်လို့ တွေ့ဆုံပွဲကို တက်ရောက်ခဲ့သူ ကေအိုင်အို တာဝန်ရှိသူ တဦးက ပြောပါတယ်။
ဗြိတိသျှသံအမတ် အင်ဒရူးပက်ထရစ်ရဲ့ ကချင်ပြည်နယ်ခရီးစဉ်ဟာ လူသားချင်း စာနာထောက်မှုဆိုင်ရာ အခြေအနေနဲ့ ငြိမ်းချမ်းရေးအလားအလာကို သိရှိနားလည်စေဖို့ ရည်ရွယ်တာလို့ မြန်မာနိုင်ငံဆိုင်ရာ ဗြိတိသျှသံရုံးရဲ့ လူမှုကွန်ရက် စာမျက်နှာမှာ ဖော်ပြထားပါတယ်။
ပြီးခဲ့တဲ့ ဒီဇင်ဘာလကစလို့ ကချင်ပြည်နယ်အတွင်းမှာ ကေအိုင်အေ ကချင်လွတ်မြောက်ရေး တပ်မတော်နဲ့ အစိုးရ စစ်တပ်တို့အကြား တိုက်ပွဲတွေ ပြင်းထန်လာနေခဲ့ပြီး စစ်ရေးတင်းမာမှုတွေ ရှိနေပါတယ်။",,,,,,
<urn:uuid:171a2aba-92a7-40bb-b6b7-104c887069bc>,"ဖားကန္႔ၿမိဳ႕နယ္ ေလးအိမ္စုတြင္ ေရမေဆး ေက်ာက္ရွာေဖြၿပီး ျပန္လာသည့္ လူငယ္ႏွစ္ဦး စက္တင္ဘာ ၁၀ ရက္ညေနက မိုးႀကိဳးစက္ကြင္း မိကာ ေသဆံုးသြားေၾကာင္း ဖား ကန္႔ၿမိဳ႕မရဲစခန္းမွ သတင္းရရွိ သည္။
ေသဆံုးသြားသူမ်ားသည္ ကခ်င္ျပည္နယ္ မိုးေကာင္းၿမိဳ႕ မွ ကိုဗိုလ္ဗိုလ္ဝင္းဆုိသူႏွင့္ မြန္ ျပည္နယ္ က်ိဳက္ထိုၿမိဳ႕မွ ေဇာ္လင္းဆုိသူျဖစ္ေၾကာင္း ေဒသခံမ်ားထံ မွ သိရသည္။
‘‘ေရမေဆးေက်ာက္ေကာက္ ၿပီး ဆုိင္ကယ္နဲ႔အျပန္ လမ္းမွာ မိုးႀကိဳးစက္ကြင္း မိသြားတယ္လို႔ ၾကားတယ္’’ ဟု ဖားကန္႔ၿမိဳ႕ေဒသခံ ကိုေအာင္နန္က ေျပာၾကားသည္။
အဆုိပါ ေသဆံုးသြားသူႏွစ္ ဦးသည္ ဖားကန္႔ၿမိဳ႕နယ္ ဖားျပင္ တြင္ ေနထိုင္သူျဖစ္ေၾကာင္း သိရ သည္။
ယင္းအမႈကို ေသမႈေသခင္း ပုဒ္မျဖင့္ ဖားကန္႔ၿမိဳ႕မရဲစခန္းက အမႈဖြင့္ထားသည္။
7 Day Daily
‘‘ေရမေဆးေက်ာက္ေကာက္ ၿပီး ဆုိင္ကယ္နဲ႔အျပန္ လမ္းမွာ မိုးႀကိဳးစက္ကြင္း မိသြားတယ္လို႔ ၾကားတယ္’’ ဟု ဖားကန္႔ၿမိဳ႕ေဒသခံ ကိုေအာင္နန္က ေျပာၾကားသည္။
အဆုိပါ ေသဆံုးသြားသူႏွစ္ ဦးသည္ ဖားကန္႔ၿမိဳ႕နယ္ ဖားျပင္ တြင္ ေနထိုင္သူျဖစ္ေၾကာင္း သိရ သည္။
ယင္းအမႈကို ေသမႈေသခင္း ပုဒ္မျဖင့္ ဖားကန္႔ၿမိဳ႕မရဲစခန္းက အမႈဖြင့္ထားသည္။
7 Day Daily",,,,,,
<urn:uuid:7add1bee-f0fa-416b-9607-2d17f3df003b>,"Posted on: 2020-09-12
အရှင်သုစိတ္တ မော်ကျွန်းဆရာတော် ဟောကြားတော်မူသော ""စိတ်ကို အားသစ်အမြဲလောင်းပါ"" နားကြားနိုင်ပါပြီ။ ဤတရားတော်အား သုဓမ္မပန်းခင်း နှင့် Star Channel TV တို့မှ ပူးပေါင်း တင်ဆက်လိုက်ပါတယ်။
Director : -
Actors : -
၇ ရက်သားသမီးများအတွက် ဖေဖော်ဝါရီလ ၂၃ ရက်နေ့ ဗေဒင် မင်္ဂလာအခါပေးအစီအစဉ်
ကြာစူးပေါက်ရင် လိမ်းသင့်သည့် မြန်မာ့ဆေးနည်းများ
အင်္ဂါသားသမီးများအတွက် တစ်သက်တာယတြာ
အရှင်သုစိတ္တ မော်ကျွန်းဆရာတော်၏ သောကကြားကရတဲ့မေတ္တာ တရားတော်
ဖုန်းတွေ လက်ပ်တော့တွေ သုံးမယ်ဆိုရင် ဒါလေးတွေရှောင်ထားရမယ်နော်
၃၄ နှစ်ပြည့်သွားပြီဖြစ်တဲ့ ကမ္ဘာ့အမြန်ဆုံးလူသား အူစိန်ဘော့
ဓမ္မဒူတ အရှင်ဆေကိန္ဒ၏ စိတ်အေးချမ်းမှအေးချမ်းမယ် တရားတော် အပိုင်း (၄)
ယနေ့ ဇူလိုင် ၂၅ ရက် မွေးနေ့ရှင်များအတွက် မွေးနေ့လက်ဆောင် ဗေဒင် ကံဇာတာဟောစာတမ်း
ကမ္ဘာ့အနုပညာလောကထိ လွှမ်းမိုးတဲ့ ကိုရီးယားမင်းသမီးချောလေး ဆောင်းဟေကိုအကြောင်း သင်သိပြီးပြီလား ?
ယနေ့အတွက် ပြည်တွင်းသတင်းတိုများ",,,,,,
<urn:uuid:46276bc5-eb85-4d68-97b0-ce2f1a6a4b3a>,"အဆီပြန်တဲ့သူတွေအတွက် နွေ၊ မိုး ၊ ဆောင်း သုံးရာသီစလုံးက တော်တော်ထိန်းသိမ်းပြီးနေရပါတယ်။ အဆီပြန်တဲ့ အသားအရေဖြစ်တဲ့အတွက် ဝက်ခြံဖြစ်လွယ်တာ ၊ အဆီအမြဲပြန်နေတာ ၊ ချွေးပေါက်တွေထဲ ချေးတွေ ပိတ်ဆို့နေတာတွေ ဖြစ်တတ်တဲ့အတွက် ရာသီသုံးပါးမရွေးသေချာ ထိန်းသိမ်းစောင့်ရှောက်ပေးဖို့ လိုပါတယ်။ မိုးတွင်းလို အမြဲ ရေထိနေတဲ့ အချိန်မှာ အဆီပြန်အသားအရေသမားတွေအတွက် ဘာတွေ ရှောင်ရ ၊ ဆောင်ရမလဲဆိုတာကိုလည်း သိထားရပါမယ်။
မျက်နှာသစ်ခြင်း
တစ်နေ့ကို နှစ်ကြိမ်လောက်သာ မျက်နှာသစ်ပေးသင့်တယ်ဆိုပေမယ့် အဆီပြန်သူတွေကတော့ ဒီလို မိုးရာသီမှာ တစ်နေ့ကို သုံး ၊ လေးကြိမ်လောက် သစ်ပေးသင့်ပါတယ်။ ဒါမှသာ မျက်နှာပေါ်က အညစ်အကြေးတွေနဲ့ အဆီတွေကို အချိန်ကြာကြာ ကပ်ညိခွင့်မပေးဘဲ ဖယ်ရှားနိုင်မှာဖြစ်ပါတယ်။ ဒါပေမယ့်လည်း အဆီပြန်တယ်ဆိုတဲ့ အကြောင်းပြချက်နဲ့ အပြင်းစား မျက်နှာသစ်ဆေးတွေ အသုံးပြုလို့မရပါဘူး။ နူးညံ့တဲ့ အပျော့စား မျက်နှာသစ်ဆပ်ပြာကိုပဲ ရွေးချယ် သစ်ပေးရမှာဖြစ်ပါတယ်။
Scrub ပြုလုပ်ခြင်း
မျက်နှာကို Scrub နဲ့ Exfoliate လုပ်ပြီး မှန်မှန် ချေးချွတ်ပေးသင့်ပါတယ်။ ဒါမှသာ ချွေးပေါက်တွေထဲမှာ ပိတ်ဆို့နေတဲ့ အညစ်အကြေး ၊ အဆီခဲ နဲ့ အသားအရေ အပေါ်က ဆဲလ်သေတွေကိုပါ ဖယ်ရှားရှင်းလင်းနိုင်မှာပါ။
Scrub ပြုလုပ်ရမှာလည်း ဓာတုနည်းနဲ့ ပြုလုပ်ထားတဲ့ Scrub တွေအစား သဘာဝအတိုင်း ထုတ်လုပ်ထားတဲ့ Scrub ကိုသာ ပြုလုပ်ပေးသင့်ပါတယ်။ လွယ်ကူရိုးရှင်းပြီး ရှာရလွယ်တဲ့ သဘာဝပစ္စည်းတွေက အဆီပြန်အသားအရေတွေကို ထိန်းသိမ်းတဲ့နေရာမှာ အထိရောက်ဆုံး ၊ အသင့်တော်ဆုံးပါပဲ။ အသားအရေ ဆိုးရွားတာတွေ ကြုံတွေ့ကောင်း ကြုံတွေ့လာရတဲ့အခါ ကုသဖို့ ၊ ထိန်းသိမ်းဖို့ ကြိုးစားတဲ့နေရာမှာ မီးဖိုချောင်က ရတဲ့ ပစ္စည်းတွေ နဲ့သာ အသုံးပြုပေးပါ။
သခွားသီး Scrub
ချွေးပေါက်တွေကို ပွင့်ထွက်သွားစေမယ့် အရာကတော့ သခွားသီးပါ။ သခွားသီးအသေးတစ်လုံးကို မျက်နှာပြင်အနှံ့ ၅မိနှစ်လောက် တင်ထားပါ။ ပြီးရင်တော့ နှစ်မိနစ်လောက် မျက်နှာပြင်ကို သခွားသီးနဲ့ ပွတ်တိုက်နှိပ်နယ်ပေးပါ။ တစ်ပတ်ကို နှစ်ကြိမ်လောက် ပြုလုပ်နိုင်ပါတယ်။ သခွားသီး Scrub ကို မလုပ်ခင်တော့ မျက်နှာကို သေချာဆေးကြောသန့်စင်ပေးဖို့ လိုအပ်ပါတယ်။
ခရမ်းချဉ်သီး Scrub
ခရမ်းချဉ်သီးကလည်း အဆီပြန်အသားအရေပိုင်ရှင်တွေအတွက် အထိရောက်ဆုံး သဘာဝဆေးစွမ်းတစ်လက်ပါပဲ။ အသားအရေကို စင်ကြယ်စေပြီး ဝက်ခြံတွေကိုလည်း တိုက်ဖျက်ပေးပါတယ်။ လိုအပ်တာကတော့ ခရမ်းချဉ်သီးတစ်လုံး နဲ့ သကြားတစ်ဇွန်းပဲ လိုတာပါ။ သကြားနဲ့ ခရမ်းချဉ်သီးကို သမအောင်မွှေပါ။ ပြီးရင် မျက်နှာနဲ့ လည်ပင်းတွေမှာ လိမ်းပေးပြီး ၆မိနှစ် ထိ ထားပေးရပါမယ်။ ပြီးရင်တော့ ရေအေးအေးလေးနဲ့ ဆေးချလိုက်လို့ ရပါပြီ။ ဒီ ခရမ်းချဉ်သီး Scrub ကိုတော့ တစ်ပတ် နှစ်ကြိမ် ပြုလုပ်ပေးနိုင်ပါတယ်။
သကြား Scrub
အလွယ်တကူအနားမှာ ရှိတဲ့ သကြားကတော့ ဆဲလ်သေတွေ နဲ့ အဆီတွေကို ဖယ်ရှားပေးနိုင်ပါတယ်။ လိုအပ်တာကတော့ သကြား နဲ့ ပျားရည်ပါ။ သကြားနဲ့ ပျားရည်ကို သမမျှတအောင် မွှေပြီးတော့ မျက်ဝန်းတဝိုက်ကို ချန်ထားပြီး လိမ်းလိုက်ပါ။ ၅မိနစ်ကြာရင်တော့ ရေအေးနဲ့ ဆေးချလိုက်လို့ရပါပြီ။ ဒီသကြား Scrub ကိုလည်း တစ်ပတ်ကို နှစ်ကြိမ်လောက် လုပ်လို့ရပါတယ်။
ရှောင်ရှားသင့်တဲ့ အရာတွေ
မိုးရာသီတွင်းမှာ အဆီပြန်အသားအရေပိုင်ရှင်တွေအတွက် ရှောင်ရ၊ ဆောင်ရမယ့် နည်းလမ်းတွေကို SOUL Skin Solution ရဲ့ပိုင်ရှင်ဖြစ်သလို အသားအရေထိန်းသိမ်းမှုဆိုင်ရာ ကျွမ်းကျင်သူတစ်ဦး ဖြစ်တဲ့ ကိုစစ်နိုင်က ခုလို ပြောပြပါတယ်။
အဆီပြန်အသားအရေဟာ အဆီကြောင့် ချေးတွေ ပိတ်ဆို့နေတတ်ပေမယ့် အလွန်အကျွံ ချေးချွတ်တာမျိုးကိုတော့ ရှောင်ရှားသင့်ပါတယ်။ အပြင်းစား မျက်နှာသစ်တွေ သုံးစွဲတာတွေကိုလည်း ရှောင်ကြဉ်ပေးပါ။
မျက်နှာသစ်တဲ့အခါ ရေအေးအစား ရေပူကို အသုံးပြုမယ်ဆိုရင် ပိုထိရောက်ပါတယ်။ ရေပူထဲမှာ အဆီတွေက ပျော်ဝင်သွားတာ ဖြစ်တဲ့အတွက် ရိုးရိုးရှင်းရှင်းနဲ့ ထိထိရောက်ရောက် အဆီတွေကို ဖယ်ရှားပေးနိုင်မှာ ဖြစ်ပါတယ်။",,,,,,
<urn:uuid:022056fe-53f7-43eb-b1be-32fbdd41c954>,"အီတလီနဲ့ ယူရို ဗိုလ်လုပွဲမတိုင်ခင် ပြုလုပ်ခဲ့တဲ့ အင်္ဂလန်အသင်းရဲ့ လေ့ကျင့်ရေး အစီအစဥ်မှာကတည်းက ရရှိခဲ့ တာ ဖြစ်ပြီး အကင်းမသေသေးတာလို့သိရပါတယ်။
မန်ချက်စတာ စီးတီးအသင်းရဲ့ အားထားရတဲ့ ကစားသမားလေး ဖိုဒန်ဟာ ခြေဖဝါးဒဏ်ရာကြောင့် အနည်းဆုံး တစ်လခန့် ထပ်မံ အနားယူရဖို့ ရှိနေပါတယ်။
ဖိုဒန်ဟာ ခြေဖဝါးဒဏ်ရာကြောင့်ပင် အင်္ဂလန်နဲ့ အီတလီအသင်းတို့ ကစားခဲ့ကြတဲ့ ၂၀၂၀ ယူရို ဗိုလ်လုပွဲစဥ်ကို လည်း လွဲထားခဲ့ရသူပါ။
ဒါဟာ နည်းပြ ဂွါဒီယိုလာအတွက် ခေါင်းကိုက်စရာ ဖြစ်လာပြီး အနည်းဆုံး လိဂ် ၃ပွဲလောက်ကတော့ လက်လွှတ် ထာားရမှာပါ။
ဖိုဒန်အနေနဲ့ ခြေဖဝါး ဒဏ်ရာကို အီတလီနဲ့ ဗိုလ်လုပွဲအတွက် ပြင်ဆင်နေရင်း ရုတ်တရက် ခြေထောက် ခေါက်သွား ရာမှ စပြီး ရရှိခဲ့ကာ ယနေ့တိုင် အကင်းမသေသေးတာလည်း ဖြစ်ပါတယ်။
မန်စီးတီး ဆေးအဖွဲ့ရဲ့ သတင်း ထုတ်ပြန်ပေးချက်အရ ဖိုဒန်ရဲ့ ဒဏ်ရာဟာ အကင်းမသေသေးပဲ ပွဲကစားဖို့ မဖြစ်နိုင် သေးဘူးလို့ သိရပါတယ်။
ဒါကြောင့် ဂွါဒီယိုလာဟာ အလောတကြီး အသုံးပြုခွင့် မရတော့ပဲ စိတ်ရှည်ရှည်နဲ့ စောင့်ဆိုင်းပေးဖို့ လိုအပ်နေ တာ ဖြစ်ပါတယ်။
မန်စီးတီးအသင်းဟာ လာမယ့် အပတ်မှာ လိဂ်အဖွင့်ပွဲအဖြစ် စပါးအသင်းနဲ့ စတင် ကစားရဖို့ ရှိပြီး အဲ့နောက် နော်ဝှစ်၊အာဆင်နယ်အသင်းတို့နဲ့ ဆက်လက် ကစားရမှာ ဖြစ်ပါတယ်။
ဒီပွဲတွေကို ဖိုဒန်အနေနဲ့ လွဲချော်ရဖို့ များနေပြီး အနီးစပ်ဆုံး ပြန်ကစားရမယ့်ပွဲကတော့ စက်တင်ဘာ ၁၁လောက် မှာကစားမယ့် လက်စတာနဲ့ပွဲလို့ မျှော်လင့်လို့ရပါတယ်။
ဂွါဒီယလိုလာအတွက် သက်သာရာ ရစေတာကတော့ အဓိက ကစားသမား ဒီဘရိုင်းနဲ့ အသစ်ခေါ်ယူထားတဲ့ ဂရီ လစ်ရှ်တို့ အဆင်သင့်ရှိနေတာပဲ ဖြစ်ပါတယ်။",,,,,,
